"","SC1_0","SC2_0","SC3_0","SC1_9","SC2_9","SC3_9","SC1_15","SC2_15","SC3_15","SC1_21","SC2_21","SC3_21","SC1_27","SC2_27","SC3_27","SC1_33","SC2_33","SC3_33","SC1_40","SC2_40","SC3_40"
"hsa_piR_000045",27,18,20,52,73,196,146,26,143,101,88,149,148,171,114,64,134,202,127,170,50
"hsa_piR_000686",0,0,0,4,5,11,9,12,4,7,1,9,11,13,22,2,13,12,9,9,5
"hsa_piR_000753",1177,19,41,122,39,114,99,48,53,117,40,122,88,150,116,68,147,157,149,165,76
"hsa_piR_000775",45,0,5,5,2,1,6,3,0,1,0,1,0,1,1,1,0,5,1,2,1
"hsa_piR_000796",24,49,36,15,11,32,11,6,6,18,1,15,8,25,27,2,16,13,18,18,2
"hsa_piR_000805",78,30,22,121,68,198,88,58,29,138,38,186,29,254,254,26,265,161,130,262,93
"hsa_piR_000823",29,19,28,65,37,101,95,42,22,146,13,130,59,201,165,51,160,131,270,348,81
"hsa_piR_001104",0,0,0,13,6,12,12,5,3,15,0,15,5,20,37,6,9,8,19,17,15
"hsa_piR_001168",30,16,2,52,77,194,77,35,56,46,15,95,57,132,113,70,166,157,206,223,98
"hsa_piR_001184",181,9,11,29,11,61,46,20,47,35,6,43,19,56,31,10,35,177,38,24,17
"hsa_piR_001318",58,1,3,5,10,6,17,5,4,26,7,22,10,22,19,16,20,20,13,21,6
"hsa_piR_001356",109,7,6,34,18,65,29,12,22,41,7,50,19,76,29,13,50,174,67,67,18
"hsa_piR_001511",1,3,1,31,13,22,31,13,7,26,0,27,6,45,55,8,20,13,39,31,17
"hsa_piR_001918",8,8,2,7,7,22,13,3,6,17,4,19,4,5,11,1,8,7,15,15,3
"hsa_piR_002177",0,0,0,13,3,8,11,4,6,7,0,9,20,16,24,6,6,8,11,9,5
"hsa_piR_002286",13,3,4,19,7,28,9,6,8,22,4,26,12,25,35,8,18,12,26,11,11
"hsa_piR_002320",22,8,18,3,2,3,1,2,5,1,2,5,1,4,6,0,3,3,0,6,3
"hsa_piR_002372",1,3,0,16,11,21,12,8,1,10,2,17,12,22,32,10,13,12,21,11,13
"hsa_piR_002441",14,25,8,36,13,31,30,19,7,42,3,66,17,70,67,6,28,16,43,49,29
"hsa_piR_002468",7,8,5,35,18,85,57,35,28,61,16,95,52,98,71,21,192,128,162,160,47
"hsa_piR_002485",81,6,13,30,24,50,38,22,9,53,4,57,16,47,40,11,40,87,50,57,19
"hsa_piR_002536",0,0,0,12,6,5,7,5,2,9,0,5,6,17,20,1,8,5,8,9,14
"hsa_piR_002622",0,3,1,12,5,14,8,5,2,17,1,18,4,23,26,3,12,8,8,13,4
"hsa_piR_002852",15,5,1,15,11,28,23,11,12,21,7,28,8,23,25,9,25,24,14,18,11
"hsa_piR_003231",4,4,7,8,1,16,9,4,5,11,0,6,7,25,21,2,8,11,11,21,4
"hsa_piR_003324",6,8,6,6,6,53,26,3,6,13,4,36,7,27,9,13,12,12,26,19,2
"hsa_piR_003384",3,1,0,101,39,68,75,64,10,70,4,123,23,168,230,25,82,52,140,118,78
"hsa_piR_003672",3,1,3,11,7,9,15,8,2,8,1,18,5,8,20,0,9,14,16,17,9
"hsa_piR_003778",0,0,0,11,6,8,7,3,6,7,1,15,9,23,27,2,13,6,19,22,9
"hsa_piR_003782",0,1,0,19,5,13,14,7,3,15,2,16,8,31,29,1,10,8,12,20,9
"hsa_piR_003817",0,0,0,61,19,29,27,29,2,49,1,45,12,67,82,12,37,20,61,59,48
"hsa_piR_003832",0,0,0,16,3,6,3,3,2,15,0,15,10,20,15,3,4,8,16,6,9
"hsa_piR_004014",0,4,0,20,4,11,8,11,5,19,1,10,3,12,24,1,10,6,13,18,12
"hsa_piR_004019",0,0,1,11,3,8,7,8,0,12,0,8,5,7,27,2,4,5,14,6,5
"hsa_piR_004262",4,8,4,33,13,33,20,13,7,39,3,45,9,45,69,3,14,14,28,43,23
"hsa_piR_004271",91,125,63,166,60,189,151,87,61,180,23,217,90,266,328,39,191,130,229,272,173
"hsa_piR_004309",2,0,2,2,4,19,27,1,10,18,3,40,9,23,17,11,30,178,16,24,13
"hsa_piR_004420",3,1,1,365,118,218,197,181,36,314,22,299,116,487,623,61,234,138,351,299,188
"hsa_piR_004506",78,40,100,1022,718,3458,3053,872,963,1987,622,3019,2356,2727,2152,305,4210,3580,2636,2945,672
"hsa_piR_004530",2,0,0,14,10,11,14,7,6,13,1,17,5,24,29,0,12,7,19,11,6
"hsa_piR_004735",11,15,5,64,21,57,43,20,14,63,3,84,26,90,126,18,73,44,108,77,46
"hsa_piR_004918",8,9,3,26,12,18,25,13,3,27,7,27,14,45,53,11,18,21,33,33,16
"hsa_piR_004923",4,1,2,5,4,12,7,8,4,16,2,10,5,29,21,5,16,16,15,24,4
"hsa_piR_004962",19,24,10,16,13,24,29,6,7,23,9,30,8,27,25,14,21,19,14,16,8
"hsa_piR_004993",15,17,10,26,23,144,68,17,28,66,23,98,49,108,91,25,164,76,100,111,19
"hsa_piR_005018",19,9,16,53,9,116,20,31,52,23,38,81,51,67,34,5,175,112,30,40,24
"hsa_piR_005019",786,356,463,485,263,1847,658,430,793,356,544,1208,654,859,603,223,2342,1405,589,756,276
"hsa_piR_005224",0,0,0,42,21,17,7,21,1,40,1,16,0,60,72,11,14,5,28,37,16
"hsa_piR_005264",0,0,0,18,6,16,7,9,4,26,3,29,10,47,44,3,20,15,19,30,10
"hsa_piR_005367",0,0,0,45,13,20,36,26,7,52,4,52,19,64,113,26,26,28,47,39,36
"hsa_piR_005574",0,0,0,13,3,3,5,4,0,12,0,9,1,13,27,2,6,5,10,12,8
"hsa_piR_005660",38,70,23,304,154,1612,784,394,223,560,205,1352,349,998,792,289,4428,1005,883,1120,368
"hsa_piR_005691",1,0,0,478,161,227,179,227,33,346,20,453,114,628,860,57,292,160,361,553,397
"hsa_piR_005799",16,9,5,579,177,357,297,238,66,392,41,479,166,688,848,109,347,232,527,465,264
"hsa_piR_005870",0,1,0,34,14,19,19,21,0,31,2,27,5,40,74,6,11,12,36,36,19
"hsa_piR_006426",75,1,4,8,8,20,16,2,20,9,17,21,27,23,16,17,20,37,18,22,2
"hsa_piR_006465",4,6,2,12,5,12,13,6,0,17,0,18,10,16,20,3,6,5,25,16,19
"hsa_piR_006933",0,0,0,17,2,5,10,2,1,16,0,10,0,30,28,5,9,2,19,14,4
"hsa_piR_007140",1,1,0,11,10,19,22,11,3,22,6,15,19,26,37,4,17,12,35,17,14
"hsa_piR_007525",0,0,0,12,8,3,7,6,2,11,1,4,4,13,23,4,1,1,12,8,5
"hsa_piR_007540",0,1,1,38,6,15,15,10,5,19,1,30,4,27,42,7,12,11,30,34,16
"hsa_piR_007559",133,6,2,22,11,52,65,11,24,60,27,72,46,107,51,26,81,90,83,68,10
"hsa_piR_007832",11,7,5,16,14,18,17,5,11,18,7,25,7,27,12,4,28,18,13,12,3
"hsa_piR_007870",2,3,3,13,11,19,11,3,8,25,3,14,7,16,23,4,15,8,14,10,14
"hsa_piR_007972",0,1,0,13,8,6,15,5,2,11,0,10,5,21,24,2,6,5,14,8,6
"hsa_piR_007979",47,0,2,21,12,56,80,12,7,64,6,82,48,75,52,13,84,68,84,73,16
"hsa_piR_008026",9,1,3,71,38,50,54,31,30,69,6,96,35,88,115,18,68,62,88,95,36
"hsa_piR_008033",38,4,5,90,36,147,81,55,32,148,34,224,71,255,177,108,377,192,345,326,83
"hsa_piR_008158",4,0,0,29,9,22,30,15,6,39,3,37,15,47,59,10,32,19,42,40,22
"hsa_piR_008252",1,2,0,29,12,18,10,26,1,26,0,22,13,45,68,4,25,3,29,31,22
"hsa_piR_008488",98,0,2,14,22,38,45,19,9,59,14,50,17,47,31,27,51,32,40,43,14
"hsa_piR_008624",3,1,0,11,14,18,25,11,6,14,6,11,7,8,5,1,8,5,7,4,5
"hsa_piR_008927",8,8,2,185,91,154,123,88,29,170,7,169,59,247,330,41,160,77,213,163,123
"hsa_piR_008967",30,0,1,1,1,1,2,0,2,0,0,0,0,0,0,1,0,6,0,0,0
"hsa_piR_008981",1,4,0,18,4,14,15,7,3,16,1,17,6,18,23,4,8,5,15,18,6
"hsa_piR_008982",1,4,1,122,41,81,78,53,6,96,8,105,33,116,185,28,68,49,103,98,64
"hsa_piR_008983",0,0,0,36,9,14,20,7,6,18,3,43,10,69,59,4,25,17,42,28,19
"hsa_piR_008990",1,0,0,13,7,5,8,4,5,19,0,12,6,15,23,5,13,10,7,17,12
"hsa_piR_009011",0,0,0,10,9,13,12,6,2,9,0,13,4,12,28,3,13,9,14,18,4
"hsa_piR_009051",229,90,76,471,473,1417,753,559,358,1005,270,1206,860,1857,1334,497,1913,1570,2270,2084,718
"hsa_piR_009059",733,28,20,124,120,297,417,97,268,370,158,473,341,518,342,191,460,1108,343,363,117
"hsa_piR_009154",16,8,11,27,19,107,45,24,44,40,31,59,26,60,39,16,36,57,35,35,23
"hsa_piR_009295",15,14,22,90,174,215,85,104,23,88,9,131,10,120,97,58,78,38,69,150,47
"hsa_piR_009331",5,10,7,1,2,20,12,1,2,7,0,12,3,24,14,0,19,8,19,11,3
"hsa_piR_009502",1,5,5,11,7,35,11,10,2,8,4,33,8,21,20,6,58,16,19,22,11
"hsa_piR_009584",1,0,1,34,6,16,18,11,6,20,1,14,7,26,29,1,15,16,11,20,16
"hsa_piR_009895",4,1,5,17,14,10,10,8,9,15,6,11,17,16,16,4,15,2,10,20,9
"hsa_piR_009901",11,4,5,17,14,24,21,7,13,19,6,35,20,38,32,16,26,13,21,21,8
"hsa_piR_010023",3,6,0,104,49,61,49,37,10,76,4,113,32,147,187,25,44,40,115,130,65
"hsa_piR_010024",3,2,7,234,103,191,206,116,21,309,16,306,108,390,605,103,194,160,375,269,191
"hsa_piR_010376",2,0,0,10,4,4,5,7,3,5,1,7,3,13,20,3,4,8,13,6,5
"hsa_piR_010580",0,0,0,21,4,4,11,10,0,17,1,11,3,19,41,11,8,7,32,29,13
"hsa_piR_010894",15,8,4,74,85,197,191,72,55,274,34,310,123,615,541,174,680,345,1100,1727,311
"hsa_piR_011094",15,15,7,34,13,27,36,15,16,45,4,44,18,54,66,5,43,15,41,52,29
"hsa_piR_011188",9,6,1,285,112,205,182,127,27,269,14,281,89,394,502,67,192,111,303,279,172
"hsa_piR_011324",128,37,25,245,238,763,706,118,333,505,220,716,502,674,349,152,633,567,437,448,119
"hsa_piR_011574",0,0,0,90,36,43,57,52,14,94,2,84,51,103,182,40,66,53,119,126,83
"hsa_piR_011681",2,0,1,16,4,8,9,8,0,17,1,14,5,20,29,6,12,15,15,22,12
"hsa_piR_011734",29,29,14,2,2,8,5,0,1,0,4,2,1,3,1,0,0,2,1,0,0
"hsa_piR_012443",34,7,19,699,405,2538,318,1315,442,433,384,2650,239,1552,1485,375,8325,1439,1251,1564,897
"hsa_piR_012684",46,52,47,7,1,14,14,0,4,4,1,12,3,9,10,0,9,4,4,7,3
"hsa_piR_012721",0,0,0,15,8,7,6,8,1,8,3,12,4,17,17,7,6,9,23,9,11
"hsa_piR_012734",21,7,6,6,7,57,35,7,11,11,7,25,9,10,8,3,18,21,11,7,2
"hsa_piR_012896",32,0,1,1,0,3,1,0,1,0,0,1,2,0,0,1,1,1,3,1,0
"hsa_piR_013041",0,0,0,10,1,8,6,5,3,10,0,17,8,19,17,1,17,8,11,21,8
"hsa_piR_013194",10,13,13,22,16,40,19,14,22,33,14,41,16,27,16,5,23,16,22,23,8
"hsa_piR_013393",2,4,4,43,17,32,20,19,4,30,0,26,9,44,50,9,40,32,35,38,23
"hsa_piR_013704",0,1,1,19,9,16,13,8,4,18,0,18,15,30,15,2,14,11,32,9,5
"hsa_piR_013745",5,7,11,35,15,49,41,21,15,44,9,61,41,62,59,9,54,40,50,41,24
"hsa_piR_013755",7,10,7,12,7,14,15,6,6,11,2,24,15,27,14,1,17,12,20,12,9
"hsa_piR_014172",8,4,3,11,12,21,17,0,7,8,2,10,6,19,3,2,10,8,8,10,2
"hsa_piR_014275",1,0,2,76,32,36,35,18,9,69,2,67,15,92,136,20,50,19,78,45,38
"hsa_piR_014539",0,0,1,11,9,11,4,9,0,10,0,11,5,30,24,7,10,5,13,16,10
"hsa_piR_014620",701,259,213,19220,25936,33709,18325,7376,5377,7190,3159,8076,3602,6124,3950,3276,5480,4656,4341,4983,1412
"hsa_piR_014629",4,9,6,58,21,35,30,17,13,45,8,55,18,50,46,9,21,24,38,31,18
"hsa_piR_014658",0,0,0,62,28,53,54,28,22,39,3,83,31,86,105,13,64,37,76,81,63
"hsa_piR_014923",29,5,2,15,9,38,59,9,12,46,11,54,41,55,18,14,59,168,73,41,11
"hsa_piR_014959",20,11,9,32,32,79,48,26,34,41,18,52,55,64,70,15,53,49,55,25,28
"hsa_piR_015026",54,49,39,12,12,33,9,4,3,6,0,13,5,12,13,3,12,6,10,10,6
"hsa_piR_015149",0,4,0,127,44,70,50,56,16,74,6,108,34,148,190,27,83,52,109,97,56
"hsa_piR_015150",3,3,1,34,15,20,21,11,3,31,0,37,11,26,56,11,18,4,23,15,14
"hsa_piR_015151",0,0,0,20,9,13,13,10,1,16,0,32,4,29,30,6,15,5,15,12,13
"hsa_piR_015249",387,123,105,85,182,1373,639,259,414,562,330,1110,472,889,445,185,1069,1067,750,670,153
"hsa_piR_015254",80,2,0,48,58,138,122,33,97,68,32,86,58,156,71,46,130,114,113,111,19
"hsa_piR_016475",0,0,0,0,0,0,0,0,0,0,0,0,0,0,0,0,0,0,0,1,23
"hsa_piR_016658",1351,1665,1109,5756,5560,18703,15501,6142,3735,19548,2179,19323,9249,21254,19177,3924,23481,16649,25562,24700,7395
"hsa_piR_016659",0,4,2,10,8,22,24,4,4,20,1,19,13,15,16,6,14,4,19,18,2
"hsa_piR_016670",0,0,0,41,10,18,8,24,1,19,0,16,8,33,44,4,13,2,35,22,18
"hsa_piR_016735",389,151,259,212,337,842,516,156,356,259,198,322,232,307,190,103,296,372,188,234,60
"hsa_piR_016796",1,1,1,21,5,13,16,7,4,33,0,22,5,40,46,5,18,7,23,21,12
"hsa_piR_016812",0,0,0,5,2,8,1,3,1,10,0,8,4,3,22,1,1,4,9,12,4
"hsa_piR_016945",2,2,0,9,13,36,39,11,29,23,21,41,37,23,22,6,32,53,20,20,8
"hsa_piR_016946",21,7,2,10,5,36,19,5,11,16,11,32,21,5,9,2,15,29,12,9,1
"hsa_piR_016970",0,0,0,9,4,21,21,5,5,5,2,16,4,8,8,8,20,7,11,13,6
"hsa_piR_016980",1,0,4,19,8,62,14,23,5,33,10,55,7,69,29,19,150,24,74,59,30
"hsa_piR_016984",94,58,90,96,166,470,261,84,109,213,84,322,156,302,212,99,255,213,230,216,43
"hsa_piR_017008",2,2,0,95,28,62,55,22,11,78,5,87,27,115,146,21,50,38,97,86,53
"hsa_piR_017033",29,22,27,84,136,284,266,47,53,112,31,245,88,166,167,46,100,137,85,103,28
"hsa_piR_017138",7,4,2,26,3,33,28,13,5,27,3,38,10,47,69,9,30,13,31,44,20
"hsa_piR_017656",0,1,2,86,17,45,29,48,8,59,3,49,18,81,106,12,48,15,72,68,20
"hsa_piR_017724",0,0,0,60,51,123,136,27,28,66,14,171,48,110,57,28,106,90,86,110,36
"hsa_piR_017848",2,4,1,59,22,40,65,23,14,46,10,62,18,74,97,21,57,34,70,63,39
"hsa_piR_017936",433,11,10,147,127,332,750,134,158,721,173,753,451,597,388,193,692,478,675,484,89
"hsa_piR_018048",0,0,0,11,8,11,8,8,2,6,1,12,3,16,39,3,12,10,16,14,17
"hsa_piR_018105",1,0,0,40,16,44,19,19,8,31,6,30,23,41,56,11,35,28,37,34,19
"hsa_piR_018491",0,0,0,30,18,17,18,9,9,16,3,27,9,34,52,8,28,18,34,29,25
"hsa_piR_018570",613,482,324,259,258,669,647,154,104,412,76,738,171,439,345,246,489,736,433,449,150
"hsa_piR_018624",433,9,24,12,23,44,29,11,5,10,6,10,4,12,16,21,10,37,13,13,17
"hsa_piR_018735",4,10,7,39,16,22,15,9,8,28,3,32,10,48,75,8,30,27,32,35,26
"hsa_piR_018913",0,0,0,13,3,10,3,7,1,10,1,10,2,10,20,6,2,4,12,9,7
"hsa_piR_019068",62,6,3,11,4,32,10,6,19,19,2,21,6,25,13,15,24,23,48,32,14
"hsa_piR_019179",2,4,8,8,4,15,19,3,4,5,1,23,2,13,10,0,6,5,7,7,7
"hsa_piR_019324",6,6,0,1,5,31,18,0,7,13,1,27,3,10,6,0,11,5,5,5,4
"hsa_piR_019521",119,116,58,402,766,2311,1227,274,772,476,264,1064,345,559,431,162,626,628,458,596,173
"hsa_piR_019544",6,12,9,23,18,49,37,15,19,27,3,37,16,34,46,4,28,17,27,21,9
"hsa_piR_019557",4,3,2,16,6,22,14,9,4,26,3,28,10,41,31,8,19,11,26,20,8
"hsa_piR_019565",4,4,2,70,24,55,64,42,15,63,5,67,35,95,135,32,44,24,91,48,45
"hsa_piR_019675",1643,33,32,177,108,502,381,131,379,443,270,653,417,799,422,224,772,751,708,657,172
"hsa_piR_019725",0,0,0,9,9,8,7,4,5,16,2,11,2,15,26,5,8,10,13,12,7
"hsa_piR_019752",126,80,72,203,106,1154,711,100,174,413,87,837,351,577,373,73,1145,631,541,501,92
"hsa_piR_019787",41,4,3,2,1,2,8,1,0,4,0,3,2,2,2,0,9,0,6,6,3
"hsa_piR_019794",0,0,0,13,4,7,9,6,0,14,0,15,4,21,31,1,6,5,18,20,10
"hsa_piR_019825",1,0,1,35,73,85,38,42,4,41,6,74,8,46,38,22,27,15,44,49,21
"hsa_piR_019912",47,17,29,1817,978,1038,1126,2019,83,2593,55,2675,364,5119,5438,1566,3548,1304,5262,6955,3978
"hsa_piR_019914",1,1,0,5,14,31,3,3,3,5,1,26,0,9,7,1,12,8,9,16,1
"hsa_piR_019949",140,76,51,17,11,58,24,8,24,26,4,31,12,28,22,10,39,28,34,25,19
"hsa_piR_019951",195,116,107,110,105,522,269,65,118,204,92,360,178,200,155,49,193,199,147,189,37
"hsa_piR_020008",208,18,17,95,72,242,117,37,70,52,32,111,48,64,60,17,98,263,108,98,38
"hsa_piR_020241",0,0,0,50,15,31,32,21,4,42,1,33,9,40,56,8,34,19,44,31,23
"hsa_piR_020364",76,2,2,6,4,11,9,8,38,8,4,10,2,11,16,2,3,15,6,6,4
"hsa_piR_020365",4,3,0,19,31,46,62,29,24,76,21,83,23,51,68,46,61,64,48,71,32
"hsa_piR_020381",399,19,13,31,37,211,215,33,124,204,81,306,331,321,157,71,420,749,349,255,33
"hsa_piR_020388",121,114,34,211,153,1584,728,99,249,241,100,677,479,282,164,17,556,483,189,172,43
"hsa_piR_020391",41,26,14,7,15,61,51,7,43,18,27,52,67,36,40,1,75,97,28,35,5
"hsa_piR_020401",13,14,3,33,27,72,42,13,37,41,22,53,39,56,44,12,30,34,41,39,11
"hsa_piR_020485",114,20,5,143,189,688,407,117,204,294,140,553,284,418,293,52,553,426,390,345,97
"hsa_piR_020490",113,25,17,112,119,314,275,105,248,289,240,364,337,427,290,206,400,484,365,407,103
"hsa_piR_020492",10,9,0,894,14,38,520,16,5,576,11,92,175,43,114,59,40,29,370,101,31
"hsa_piR_020496",27,6,4,1,4,44,17,1,1,12,4,15,6,3,9,1,21,7,8,4,2
"hsa_piR_020499",22,8,19,26,48,156,178,25,88,99,69,161,136,115,83,43,115,138,110,103,44
"hsa_piR_020541",543,74,79,297,247,693,469,154,92,449,75,571,201,536,490,154,594,396,550,634,206
"hsa_piR_020548",539,25,23,212,172,557,383,164,275,333,183,480,352,486,299,165,508,595,463,435,138
"hsa_piR_020582",278,149,139,226,296,915,800,155,585,505,336,805,629,681,479,206,830,1041,465,542,148
"hsa_piR_020614",0,2,0,16,7,8,8,5,6,12,0,17,7,17,31,4,9,7,16,10,8
"hsa_piR_020641",0,0,0,27,13,13,8,15,4,19,2,30,6,45,49,0,12,3,23,30,17
"hsa_piR_020668",202,0,2,24,20,76,86,21,22,54,13,64,40,79,38,17,49,59,77,65,16
"hsa_piR_020786",3,4,3,21,3,4,22,0,0,34,0,7,13,5,5,2,4,1,29,10,0
"hsa_piR_020813",13,11,8,58,54,229,214,55,147,120,90,213,209,228,157,47,269,354,173,206,50
"hsa_piR_020828",44,23,15,57,105,474,278,46,89,152,48,283,206,220,166,147,356,348,330,302,54
"hsa_piR_020829",87,35,24,974,632,1587,1065,549,255,862,95,1874,311,973,1130,291,980,762,1013,1152,460
"hsa_piR_020840",1,0,0,20,8,7,15,11,4,16,2,20,5,24,34,8,12,7,11,11,20
"hsa_piR_020851",2,2,1,68,24,48,30,30,7,83,6,71,23,153,162,2,48,58,68,84,42
"hsa_piR_021214",73,21,27,245,133,872,291,408,143,253,172,1077,147,677,454,175,1673,483,595,602,260
"hsa_piR_021496",2,1,2,494,199,419,330,246,116,396,35,600,240,715,848,144,439,375,546,539,348
"hsa_piR_021543",1,0,0,28,6,18,11,13,3,29,1,22,10,25,48,5,11,13,32,40,17
"hsa_piR_021650",1,6,2,13,6,16,6,7,5,19,3,19,10,21,24,2,20,13,19,18,6
"hsa_piR_021696",0,0,0,22,4,11,12,6,11,9,1,18,15,23,32,2,14,13,23,19,13
"hsa_piR_021720",0,0,0,5,2,6,6,11,2,7,2,13,2,23,30,3,7,3,11,32,16
"hsa_piR_021773",2,0,0,6,1,7,4,1,2,10,1,11,2,10,50,2,8,6,23,28,8
"hsa_piR_022017",8,8,4,38,18,62,61,27,10,80,8,93,20,115,96,14,63,48,79,80,16
"hsa_piR_022281",2,0,0,29,8,8,17,18,0,16,0,20,4,22,40,8,9,11,26,30,22
"hsa_piR_022294",8,1,0,129,35,81,72,53,9,81,8,97,19,118,195,27,62,37,122,123,66
"hsa_piR_022295",1,5,3,79,29,54,48,40,6,70,0,77,23,106,138,9,53,25,84,85,61
"hsa_piR_022296",8,33,15,574,225,410,295,256,76,502,37,541,189,723,972,118,335,234,570,518,310
"hsa_piR_022298",0,1,0,23,7,22,13,8,0,21,3,13,5,27,38,6,16,8,18,10,12
"hsa_piR_022315",0,0,1,32,13,35,13,19,12,32,5,31,20,43,41,6,19,10,35,29,17
"hsa_piR_022421",7,3,0,63,19,50,40,26,7,50,9,67,27,75,118,9,46,30,66,54,35
"hsa_piR_022437",3,4,0,139,39,80,62,45,10,92,5,101,24,127,185,34,73,43,130,92,79
"hsa_piR_022628",65,22,17,61,54,210,135,43,44,169,21,207,100,191,150,50,167,178,131,125,56
"hsa_piR_022710",68,70,74,2,1,2,0,0,1,2,0,1,1,1,4,1,3,3,1,1,1
"hsa_piR_022822",0,0,0,150,50,115,119,74,24,127,14,133,54,220,257,31,93,88,189,129,100
"hsa_piR_023077",0,0,0,8,6,41,11,1,10,4,2,1,2,6,3,0,11,7,4,2,1
"hsa_piR_023218",0,0,0,15,7,2,2,5,4,7,0,16,4,21,26,4,10,7,18,18,12
"hsa_piR_023338",10,9,4,568,203,343,326,215,80,429,31,498,165,724,954,131,358,230,597,520,316
"hsa-let-7a-5p",112,81,40,48,35,62,279,20,88,160,113,291,604,561,415,263,2120,2033,2383,3242,751
"hsa-let-7b-5p",0,0,1,0,0,0,0,0,0,1,1,0,0,4,0,0,8,11,24,25,8
"hsa-let-7c-5p",0,1,0,1,0,3,0,0,3,2,3,7,4,10,10,6,36,37,61,39,8
"hsa-let-7e-5p",8,2,5,36,29,83,307,20,114,255,134,512,839,681,583,382,2467,2537,2542,3037,689
"hsa-let-7f-5p",28,11,4,28,35,158,248,29,168,184,137,257,507,333,209,139,824,1022,1062,849,218
"hsa-let-7g-5p",4,2,2,7,4,11,23,1,10,22,9,25,56,35,22,16,77,108,128,122,28
"hsa-let-7i-5p",12,7,9,2,10,34,27,9,8,16,6,17,30,17,13,9,27,44,35,24,10
"hsa-miR-1-3p",0,1,0,0,0,0,4,0,1,10,5,13,18,27,27,16,56,24,58,77,17
"hsa-miR-100-5p",56,64,50,189,158,999,444,507,843,588,614,4428,585,2917,3317,328,2912,2635,1009,2109,1128
"hsa-miR-101-3p",672,497,512,733,1739,4629,4698,814,3375,2852,2666,6210,4842,5131,3787,1696,5312,5921,3688,3898,882
"hsa-miR-101-5p",0,8,2,6,10,42,42,10,6,41,4,60,21,61,59,16,89,39,58,72,11
"hsa-miR-103a-2-5p",3,2,9,15,9,48,18,6,2,46,1,47,11,68,64,3,47,16,49,87,5
"hsa-miR-105-3p",9,9,0,9,29,34,82,18,28,71,19,146,74,107,108,38,153,136,106,147,22
"hsa-miR-105-5p",20,15,10,45,27,111,268,81,62,265,57,546,246,548,414,175,581,530,493,454,155
"hsa-miR-106b-3p",189,156,169,122,168,350,313,83,108,200,62,260,162,201,166,89,164,156,98,124,35
"hsa-miR-106b-5p",48,83,80,120,134,375,280,88,47,173,32,264,67,220,180,50,150,105,139,112,31
"hsa-miR-107",3,2,8,10,28,53,46,5,10,27,11,36,29,37,42,29,50,73,27,37,10
"hsa-miR-10a-5p",84,59,49,12,14,152,50,22,190,32,139,345,153,196,388,113,270,1072,226,366,320
"hsa-miR-10b-3p",0,0,0,1,1,4,22,2,2,17,6,63,29,50,62,29,95,50,106,131,34
"hsa-miR-10b-5p",236,166,244,13744,21631,41016,119242,62426,145188,126242,186714,327054,531534,537632,601585,476269,868976,1083168,744407,1295246,645328
"hsa-miR-1179",0,0,0,2,5,42,19,3,11,28,7,46,16,44,39,4,42,43,48,29,10
"hsa-miR-1180-3p",75,68,67,45,61,201,392,56,84,372,95,684,395,519,547,222,941,653,761,837,158
"hsa-miR-1224-3p",0,0,0,10,9,24,21,8,5,16,4,12,11,13,19,5,27,20,23,26,8
"hsa-miR-1224-5p",2,0,0,262,167,298,280,121,93,282,60,311,207,341,534,178,395,307,467,614,234
"hsa-miR-1226-3p",5,6,6,5,11,40,31,5,6,37,7,50,17,46,37,14,66,27,57,80,12
"hsa-miR-1229-3p",2,0,0,1,1,1,3,1,1,5,5,6,4,11,12,6,11,9,8,21,2
"hsa-miR-124-3p",30,20,24,1032,1069,5359,6159,1072,1259,5355,1355,10520,4284,10299,7202,2323,13089,8521,10183,11318,1963
"hsa-miR-124-5p",1,1,2,38,51,87,50,25,10,41,8,77,28,58,61,35,59,25,48,55,19
"hsa-miR-1243",4,1,6,5,16,65,59,9,14,40,11,46,28,36,38,11,35,38,16,27,3
"hsa-miR-1246",332,137,211,3226,2492,7980,6271,1101,1272,3948,901,6850,2430,4636,3745,1668,5784,3532,3954,4224,940
"hsa-miR-1247-5p",0,3,0,6,5,25,50,6,11,84,19,132,194,259,244,122,612,470,686,714,136
"hsa-miR-1249-3p",1,2,2,3,8,26,24,12,10,52,18,40,57,64,61,18,87,49,116,114,26
"hsa-miR-1251-5p",9,18,13,57,49,206,158,38,80,266,67,280,227,342,265,37,321,269,292,293,41
"hsa-miR-125a-3p",2,1,1,9,5,26,25,3,4,22,8,41,36,26,18,5,38,32,49,30,5
"hsa-miR-125a-5p",841,1485,984,7782,8375,17819,23487,14757,9058,40215,9269,46091,27468,73775,66139,12695,73652,50063,69358,97135,29057
"hsa-miR-125b-1-3p",3,10,6,27,51,123,587,117,111,678,130,1465,529,1113,949,424,1280,1229,1208,1072,302
"hsa-miR-125b-2-3p",1,0,1,22,32,141,271,50,225,248,173,569,450,498,441,239,649,700,445,530,97
"hsa-miR-125b-5p",66,39,26,272,291,1416,5791,1582,3440,12143,4530,23445,16064,32380,21323,5881,54944,43734,41413,38253,9810
"hsa-miR-126-3p",11,21,7,5,14,37,29,3,5,26,3,65,14,36,57,9,57,46,105,104,21
"hsa-miR-126-5p",95,134,166,85,166,437,512,81,40,349,18,764,166,557,673,613,716,451,969,950,258
"hsa-miR-1260b",63,23,68,4,9,33,8,3,10,16,1,33,17,16,9,3,23,17,17,18,1
"hsa-miR-127-3p",2,0,4,12,16,56,23,7,2,5,1,14,2,17,14,7,8,19,17,10,9
"hsa-miR-1270",24,20,25,10,9,42,21,7,9,15,5,22,10,15,8,10,14,10,7,11,1
"hsa-miR-1271-5p",5,6,2,14,11,36,23,7,6,32,4,51,10,50,33,3,19,23,36,48,8
"hsa-miR-1272",22,13,13,1,0,0,0,0,1,0,1,0,0,0,3,0,0,1,0,1,0
"hsa-miR-1273e",16,21,8,13,4,17,11,9,6,22,7,18,14,31,35,2,21,10,29,23,7
"hsa-miR-1273g-3p",110,88,59,216,86,230,233,111,70,263,34,316,125,342,371,63,220,191,277,322,145
"hsa-miR-1273h-3p",1,4,4,0,0,5,5,0,4,9,5,5,27,9,6,5,17,22,7,19,1
"hsa-miR-1275",43,10,14,15,12,27,37,2,12,21,7,30,17,26,23,1,36,17,25,20,6
"hsa-miR-1276",8,6,3,2,12,47,27,1,11,8,8,27,16,15,9,4,29,37,13,12,4
"hsa-miR-1277-5p",0,1,0,1,6,12,10,2,0,6,0,24,6,25,13,2,21,10,17,13,3
"hsa-miR-128-1-5p",49,66,65,39,79,170,208,34,149,153,117,244,276,178,192,142,221,290,152,182,57
"hsa-miR-128-3p",42,100,52,235,271,1425,1750,309,374,1742,248,2460,1124,2115,1920,712,2658,2475,2127,2514,458
"hsa-miR-1283",15,20,30,7,5,15,7,0,0,3,0,8,1,8,12,1,3,6,6,8,1
"hsa-miR-1285-3p",9,13,9,32,26,45,51,24,7,45,1,57,13,65,94,20,42,11,46,38,18
"hsa-miR-1285-5p",0,1,2,7,3,9,8,6,1,14,0,14,3,11,31,5,6,3,22,12,7
"hsa-miR-1286",25,9,15,7,13,45,16,2,27,15,11,23,20,32,26,5,16,34,14,5,3
"hsa-miR-129-1-3p",0,0,0,12,13,48,38,3,13,37,12,65,64,89,59,27,256,145,286,226,37
"hsa-miR-129-2-3p",1,1,4,4,5,11,21,5,0,22,9,19,38,50,31,47,131,68,196,105,20
"hsa-miR-129-5p",4,4,13,136,228,291,398,161,100,323,108,406,667,660,760,875,1407,1074,1538,1917,530
"hsa-miR-1296-5p",10,10,11,101,64,195,229,61,79,185,41,309,151,279,249,89,274,281,172,234,66
"hsa-miR-1298-5p",62,36,59,2,4,5,3,0,0,0,0,4,1,0,0,0,0,2,2,2,1
"hsa-miR-1299",1,0,0,3,1,18,17,1,1,21,0,27,7,16,20,9,16,17,24,15,10
"hsa-miR-1301-3p",10,9,7,15,16,38,66,27,39,107,17,111,96,164,171,79,249,171,290,307,97
"hsa-miR-1304-3p",140,96,103,35,57,87,80,17,58,34,42,49,38,33,30,8,29,31,13,18,2
"hsa-miR-1307-3p",152,136,220,265,260,541,568,213,79,422,67,719,256,646,585,255,619,443,530,795,310
"hsa-miR-1307-5p",81,62,41,26,36,213,230,24,72,114,45,234,125,176,96,25,169,198,151,119,20
"hsa-miR-130a-3p",1255,1016,956,2508,3086,9586,10441,1639,3033,6480,2192,11103,6468,7656,6495,2680,8954,7519,5584,5917,1230
"hsa-miR-130b-3p",285,234,280,393,520,2101,1960,301,501,1093,296,2194,968,1430,1146,476,1592,1313,1250,1161,232
"hsa-miR-130b-5p",96,131,62,97,94,504,494,85,90,344,59,538,181,393,292,83,408,239,304,301,35
"hsa-miR-132-3p",0,0,1,68,85,199,363,83,66,472,91,898,750,1415,2045,1195,2431,1609,2844,3745,988
"hsa-miR-132-5p",0,0,1,1,3,14,14,2,5,33,5,73,84,99,96,28,257,160,220,188,34
"hsa-miR-1323",44,71,37,0,1,11,8,1,1,4,1,5,5,7,1,0,4,3,0,0,0
"hsa-miR-134-5p",0,0,0,0,2,4,8,0,1,11,8,33,29,36,19,12,40,34,19,18,4
"hsa-miR-135a-3p",0,1,3,4,12,40,16,4,5,11,5,18,7,12,9,3,14,11,8,23,6
"hsa-miR-135a-5p",16,33,29,148,132,446,499,181,73,636,47,639,257,662,589,148,642,436,573,651,147
"hsa-miR-135b-3p",12,14,7,7,11,34,80,9,39,41,26,82,67,56,47,14,80,73,40,37,5
"hsa-miR-135b-5p",16,21,25,16,14,106,265,26,42,199,39,410,175,306,226,64,404,298,325,233,31
"hsa-miR-137",0,0,0,126,138,379,434,194,79,477,49,706,210,767,916,222,606,453,570,796,207
"hsa-miR-138-1-3p",8,3,2,106,68,316,510,50,118,437,93,833,401,502,426,139,853,623,643,458,74
"hsa-miR-138-2-3p",0,0,0,2,3,3,22,0,2,27,1,39,16,31,37,15,35,19,49,46,10
"hsa-miR-138-5p",20,24,56,1567,1404,3066,4190,3020,819,8606,748,11747,3720,15702,16515,5195,14195,8502,17502,21440,7419
"hsa-miR-139-3p",1,0,0,8,0,29,19,2,5,25,4,41,15,31,18,9,38,43,47,38,8
"hsa-miR-139-5p",3,2,1,266,198,516,688,194,110,668,83,716,236,773,840,152,446,263,534,796,162
"hsa-miR-140-3p",169,199,221,518,895,1555,1790,398,325,1252,304,1994,813,1834,1766,721,1566,1100,1272,1716,496
"hsa-miR-140-5p",2,3,5,13,11,23,34,9,6,26,10,38,8,34,27,13,29,16,32,23,3
"hsa-miR-141-3p",29,25,78,53,32,108,59,26,25,35,7,76,13,43,50,9,24,35,20,16,11
"hsa-miR-143-3p",82,53,60,50,69,279,141,33,120,70,52,98,74,80,50,25,85,86,47,61,21
"hsa-miR-1468-5p",29,31,23,28,76,103,186,44,40,121,28,176,93,160,142,46,135,116,122,137,41
"hsa-miR-146b-5p",685,813,422,389,606,3045,2322,269,1067,1196,732,3040,1703,2578,1339,619,3432,2951,2137,2206,477
"hsa-miR-148a-3p",10356,10170,14039,6164,12166,22748,14641,3636,6120,7600,2632,13741,6848,10002,10280,5192,9166,10167,7633,9244,2724
"hsa-miR-148a-5p",493,546,432,52,173,445,204,36,157,91,79,187,140,142,95,33,124,152,80,125,29
"hsa-miR-148b-3p",111,129,138,362,435,1414,1518,255,370,915,202,1754,728,1424,1259,553,1316,1207,1084,1317,397
"hsa-miR-148b-5p",13,14,7,16,10,87,40,18,18,42,15,65,34,54,47,15,71,68,38,49,9
"hsa-miR-149-5p",135,190,134,4856,5132,12350,8946,5463,2496,11765,2131,13709,6651,14007,14813,2825,11134,9869,10748,12003,4497
"hsa-miR-151a-3p",2550,3224,4773,5162,10915,18135,17658,3972,7875,9948,2975,15155,9630,10926,11968,8815,10128,13515,8077,9355,2967
"hsa-miR-151a-5p",1904,2263,1897,1205,2886,10379,8985,2232,2494,8890,1554,11760,6151,12437,10792,2787,14037,10876,11637,12962,3182
"hsa-miR-152-3p",1,2,4,57,35,152,194,39,31,154,20,302,96,191,220,67,285,233,252,334,106
"hsa-miR-153-3p",2,0,4,75,58,242,451,104,65,569,47,975,370,888,798,409,1261,804,1534,1110,407
"hsa-miR-153-5p",0,2,3,18,17,34,27,18,5,48,6,46,22,71,64,10,70,49,54,85,24
"hsa-miR-155-5p",23,25,25,4,1,2,2,0,0,1,0,9,4,0,1,1,6,3,3,1,0
"hsa-miR-15a-5p",6,14,5,67,73,227,269,53,30,144,24,231,85,146,141,69,156,94,100,123,15
"hsa-miR-15b-5p",283,407,761,462,471,912,394,186,68,374,31,361,60,341,387,54,150,82,182,240,56
"hsa-miR-16-2-3p",13,6,16,6,3,23,11,6,2,11,1,3,6,6,4,0,8,9,9,1,1
"hsa-miR-16-5p",827,987,1143,2169,2450,7731,6098,883,535,2675,266,4452,846,2300,2001,790,2180,990,1502,1497,374
"hsa-miR-17-3p",48,72,41,27,34,130,120,22,11,39,9,105,37,81,50,22,51,49,49,50,17
"hsa-miR-181a-2-3p",1,0,1,51,69,198,621,151,685,600,686,1141,1120,738,856,480,787,1101,563,660,197
"hsa-miR-181a-3p",2,1,0,89,183,442,1487,304,1162,1194,1162,2305,2478,1927,1572,1192,2296,2485,1713,1604,359
"hsa-miR-181a-5p",64,72,41,929,1218,6155,49016,6313,24404,72885,41419,158557,134450,188512,116246,46179,239364,221575,153147,178488,30624
"hsa-miR-181b-3p",0,0,0,0,3,10,23,3,30,18,24,35,43,27,26,14,39,50,21,27,2
"hsa-miR-181b-5p",21,11,12,452,530,1775,9284,1587,2543,9735,3122,18131,9034,14634,12587,4915,16463,12560,11797,12869,2889
"hsa-miR-181c-3p",3,4,3,30,62,177,660,102,138,544,173,1238,617,1098,888,488,1281,962,1033,1057,199
"hsa-miR-181c-5p",4,3,7,13,40,177,1150,126,491,1645,929,3698,3900,4827,2307,1069,7783,7341,5497,5204,750
"hsa-miR-181d-5p",11,9,6,36,47,147,884,129,204,991,275,1521,1162,1733,1497,794,2169,1978,2204,2246,495
"hsa-miR-182-5p",31185,28913,33071,33594,53233,135078,105103,24682,138601,74643,51682,165713,134877,73941,152823,58483,83337,213139,77848,75829,53020
"hsa-miR-183-3p",16,28,29,33,42,129,86,23,7,72,4,104,18,53,113,30,37,56,51,37,30
"hsa-miR-183-5p",3916,7682,11624,42793,28652,48533,40109,23703,7056,37554,2107,68503,11480,41907,105762,44478,27302,38823,49093,47193,55039
"hsa-miR-184",9,11,5,11,11,78,54,10,14,24,3,55,14,47,30,3,39,22,24,26,9
"hsa-miR-185-5p",3,3,3,11,8,26,19,3,6,18,10,36,29,39,9,7,52,41,41,37,7
"hsa-miR-186-3p",1,16,8,4,14,20,10,3,0,9,0,12,2,17,19,5,5,3,6,9,1
"hsa-miR-186-5p",707,1067,924,2070,2439,8132,7728,1589,1227,4701,614,8102,2228,6118,4631,1777,5305,3929,3755,4063,959
"hsa-miR-187-3p",25,32,24,40,38,115,77,20,24,29,7,48,19,43,27,9,34,21,32,23,7
"hsa-miR-18a-3p",73,64,80,35,26,86,45,22,15,30,3,32,19,23,22,4,9,22,10,23,11
"hsa-miR-18a-5p",75,81,87,61,41,151,173,17,23,51,6,112,40,63,64,42,56,40,48,36,11
"hsa-miR-18b-3p",27,30,29,11,1,11,3,1,1,2,1,2,1,5,1,0,2,4,0,0,1
"hsa-miR-1908-5p",18,17,4,10,1,6,12,0,0,17,1,10,19,15,8,4,24,24,37,26,5
"hsa-miR-190a-5p",8,9,7,24,14,25,119,6,32,90,46,192,170,263,247,92,566,539,500,675,135
"hsa-miR-191-3p",8,17,10,7,11,27,38,5,7,24,4,26,7,34,19,8,37,21,31,27,7
"hsa-miR-191-5p",10341,21041,24548,28589,43994,85973,79902,27974,12012,45993,4818,74015,15838,59450,62979,40629,53618,37046,49880,64788,27229
"hsa-miR-192-5p",826,700,767,1665,2982,6767,5922,1540,3736,4145,2178,8016,5938,7196,6525,3571,8501,8877,6542,8126,2377
"hsa-miR-193a-3p",16,56,41,26,25,80,21,4,0,33,0,35,5,40,43,3,43,10,66,92,10
"hsa-miR-193b-3p",55,75,51,76,51,217,198,47,44,334,48,360,212,642,426,45,653,413,601,520,47
"hsa-miR-194-5p",5,9,5,21,28,90,90,27,18,56,17,134,42,115,89,57,121,98,110,130,19
"hsa-miR-197-3p",45,44,41,333,426,1335,933,246,427,700,297,969,527,799,693,267,820,784,734,835,194
"hsa-miR-1972",13,6,1,23,6,17,16,5,2,15,1,10,7,11,15,8,9,8,19,13,10
"hsa-miR-199b-3p__hsa-miR-199a-3p",0,6,9,26,23,44,18,16,7,13,2,30,4,17,28,6,7,15,14,15,3
"hsa-miR-199b-5p",1,1,0,2,5,31,5,1,4,2,0,12,4,5,4,0,5,2,1,0,1
"hsa-miR-19a-3p",119,101,80,69,68,310,212,29,88,68,43,152,75,81,70,28,108,98,55,55,16
"hsa-miR-19b-3p",306,265,220,173,266,1195,791,95,372,365,192,731,431,511,291,125,414,459,245,250,55
"hsa-miR-200b-3p",22,22,35,1,0,1,3,0,0,8,0,3,0,1,1,0,1,4,1,1,0
"hsa-miR-200c-3p",18,35,54,12,4,22,9,3,4,12,3,23,3,9,19,5,4,6,7,9,5
"hsa-miR-204-5p",1267,1179,1150,668,691,1918,1994,813,977,1700,993,3045,1304,3258,1985,567,2482,1700,1247,1788,505
"hsa-miR-205-5p",148,194,213,18,20,57,30,7,1,6,1,15,4,14,11,1,0,1,2,2,0
"hsa-miR-20a-3p",7,3,4,6,8,26,6,0,1,4,1,18,5,6,6,1,2,1,1,5,0
"hsa-miR-20a-5p",391,396,402,257,171,662,719,88,132,352,109,550,355,455,351,183,462,460,487,520,120
"hsa-miR-20b-5p",272,239,426,105,58,176,124,25,19,39,5,71,24,35,30,9,31,16,22,25,9
"hsa-miR-21-3p",359,375,339,74,110,318,195,25,65,137,39,324,276,416,352,103,623,532,492,664,157
"hsa-miR-21-5p",2303,1914,2057,926,1568,4341,3169,546,1042,2196,1113,4396,4671,7014,5304,2718,10242,9832,8064,11569,2461
"hsa-miR-210-3p",13,5,7,21,36,146,161,21,65,64,29,152,93,117,70,28,131,105,83,114,26
"hsa-miR-2110",2,3,0,2,2,8,4,2,1,10,1,12,10,11,12,4,22,19,25,36,10
"hsa-miR-212-3p",0,0,0,1,4,19,39,1,5,52,15,128,125,238,253,88,460,349,451,542,128
"hsa-miR-212-5p",0,1,2,17,17,75,67,25,15,154,20,340,178,737,729,186,1175,564,1218,1237,385
"hsa-miR-215-5p",0,0,0,1,2,21,14,3,5,13,2,37,36,33,43,39,71,95,125,117,25
"hsa-miR-216a-3p",0,0,1,368,635,848,1206,340,132,864,104,1049,298,978,785,487,738,377,522,780,187
"hsa-miR-216a-5p",0,0,0,844,428,907,1702,807,222,1852,190,2372,914,2195,2647,1118,2193,1158,2138,2056,834
"hsa-miR-216b-3p",0,0,0,33,21,57,82,13,7,90,6,87,39,100,79,14,75,41,74,73,15
"hsa-miR-216b-5p",0,0,0,326,301,993,2010,310,513,1254,463,1720,1801,1409,1182,400,1895,1832,1344,1240,215
"hsa-miR-217",0,1,0,536,457,483,909,479,65,880,67,1094,332,1083,1247,690,793,430,908,1066,471
"hsa-miR-218-1-3p",2,2,4,15,10,29,78,24,4,113,22,181,51,147,135,71,133,91,107,187,44
"hsa-miR-218-2-3p",0,0,0,4,4,11,29,6,13,22,10,67,19,52,37,7,42,53,24,37,7
"hsa-miR-218-5p",14,7,8,876,2104,5282,6924,1684,1496,4934,1026,13139,3280,9937,7950,3763,9609,6962,6903,8118,2235
"hsa-miR-219a-1-3p",2,2,1,3,8,25,16,1,12,9,9,9,7,2,8,3,6,11,3,5,1
"hsa-miR-219a-2-3p",0,0,0,14,24,88,45,1,12,21,6,44,17,29,17,3,22,15,15,13,2
"hsa-miR-22-3p",1164,1443,1142,4015,7731,33198,29198,3837,5033,19270,2982,41350,13953,33987,25034,9082,42834,30447,37397,36572,7187
"hsa-miR-221-3p",162,192,178,179,185,649,703,153,365,506,273,1070,689,993,752,311,1273,1292,831,1042,219
"hsa-miR-221-5p",295,274,126,42,38,318,173,38,119,143,129,491,287,492,290,47,601,502,336,298,63
"hsa-miR-222-3p",1170,1685,1147,189,271,1178,1551,206,940,1241,743,2696,1804,1706,1597,508,2336,3262,1331,1850,344
"hsa-miR-2277-5p",0,2,0,3,1,10,8,1,4,6,1,12,10,13,12,4,19,39,20,18,2
"hsa-miR-2355-5p",4,13,4,32,44,217,111,18,24,106,23,189,46,122,87,31,104,72,101,87,19
"hsa-miR-23a-3p",18,24,26,41,16,54,32,15,6,43,11,71,23,124,127,27,224,95,359,471,71
"hsa-miR-23b-3p",13,9,21,392,273,814,808,247,216,747,183,1487,564,1646,1623,519,1884,1055,1813,2487,602
"hsa-miR-24-1-5p",0,0,0,5,6,9,4,7,0,13,0,5,3,17,34,13,7,3,22,28,21
"hsa-miR-24-2-5p",1,8,6,2,1,4,2,2,0,4,1,8,3,23,20,9,29,14,47,79,18
"hsa-miR-24-3p",6,4,3,7,5,37,14,7,2,13,4,40,18,32,27,17,66,24,34,47,8
"hsa-miR-2467-5p",41,18,19,9,10,93,54,6,57,19,45,75,84,63,29,9,95,137,49,53,16
"hsa-miR-25-3p",2071,1726,3036,4436,6796,10384,9310,2294,4215,4191,1908,5576,3343,2906,3199,1500,1993,2282,1434,1569,428
"hsa-miR-25-5p",66,68,31,3,3,28,17,2,1,3,4,9,7,5,4,2,8,7,6,2,1
"hsa-miR-2681-5p",0,0,0,0,3,10,11,0,1,13,3,10,5,21,24,1,33,12,17,20,8
"hsa-miR-2682-5p",0,0,1,42,51,162,123,33,59,76,44,186,106,178,145,45,155,204,142,147,30
"hsa-miR-26a-5p",3707,4274,3381,9096,10680,46827,46018,7475,10000,31028,6486,55985,22859,42890,31892,8935,52524,37130,34943,37344,8050
"hsa-miR-26b-3p",5,8,7,49,32,76,40,24,7,33,4,47,12,25,28,4,20,11,22,19,7
"hsa-miR-26b-5p",109,151,137,333,512,1795,1691,169,209,796,105,1365,385,788,555,224,719,431,562,476,126
"hsa-miR-27a-3p",25,29,43,32,15,57,46,9,16,31,4,94,42,148,92,49,166,112,248,336,76
"hsa-miR-27b-3p",943,1162,1130,4381,6029,17364,15390,4794,4109,14313,2613,30000,11189,32900,26306,9676,37144,26797,34170,41274,11172
"hsa-miR-27b-5p",21,30,27,6,30,58,57,20,36,58,22,98,64,80,72,28,91,101,69,63,9
"hsa-miR-28-3p",710,858,1303,1226,3337,5771,5140,1008,2349,3373,1213,4965,4270,4253,4741,4134,5235,7383,4062,5713,1682
"hsa-miR-28-5p",54,53,24,53,83,332,305,27,39,220,44,344,174,356,253,137,539,331,380,434,82
"hsa-miR-296-3p",3,5,10,7,1,31,5,1,1,12,0,26,0,4,12,2,2,6,3,1,0
"hsa-miR-296-5p",1,5,8,5,0,25,8,1,2,9,0,26,9,3,25,3,3,15,7,4,9
"hsa-miR-29a-3p",19,27,31,68,97,281,260,62,133,306,147,569,569,822,634,177,1134,1118,1143,1545,241
"hsa-miR-29b-3p",1,3,2,4,1,7,6,4,1,10,1,11,3,21,20,4,23,12,36,61,11
"hsa-miR-29c-3p",0,1,2,43,46,107,107,43,11,174,22,214,84,297,301,96,270,180,393,499,137
"hsa-miR-29c-5p",0,0,0,4,0,11,15,4,2,11,1,20,5,28,28,8,19,6,22,33,9
"hsa-miR-301a-3p",189,195,188,566,1050,3434,3729,456,695,1948,405,3760,1424,2408,1789,859,2226,2012,1537,1618,357
"hsa-miR-301b-3p",38,76,76,407,585,1857,1884,346,235,1041,99,2005,466,1227,1081,500,1110,859,1163,979,272
"hsa-miR-302a-3p",3512,3762,4560,794,725,3117,1572,204,125,489,55,916,149,394,309,84,266,168,219,154,48
"hsa-miR-302a-5p",15682,13884,11222,721,566,3070,1240,183,167,394,80,834,142,319,205,27,256,138,96,103,18
"hsa-miR-302b-3p",2997,3862,5744,779,627,1720,839,295,163,638,94,990,190,733,715,88,369,219,282,422,88
"hsa-miR-302b-5p",35,125,93,16,11,34,8,6,0,13,1,10,1,6,4,4,2,3,1,2,0
"hsa-miR-302c-3p",1390,1838,2955,419,303,851,351,95,115,216,32,264,60,169,185,37,92,65,93,125,22
"hsa-miR-302c-5p",194,144,311,33,30,67,14,11,4,10,3,9,4,6,2,5,3,2,3,0,0
"hsa-miR-302d-3p",6538,7057,7229,950,876,2763,1409,267,98,498,50,821,130,364,322,115,258,133,185,199,53
"hsa-miR-302d-5p",146,247,237,37,37,89,88,10,8,34,0,38,7,10,12,8,19,6,8,8,0
"hsa-miR-3065-3p",1,1,5,60,95,225,102,32,14,69,13,127,22,74,62,20,52,38,49,44,10
"hsa-miR-3074-3p",2,2,2,7,7,12,11,6,1,9,2,21,3,6,10,6,6,5,7,2,1
"hsa-miR-30a-3p",10,7,18,146,256,402,455,91,327,237,246,349,393,272,304,173,315,403,212,259,86
"hsa-miR-30a-5p",259,190,212,1525,2808,6991,6614,1211,5315,4161,3794,8107,7569,7146,5956,3072,8022,9729,5796,7170,1824
"hsa-miR-30b-3p",0,2,4,2,1,0,9,1,0,6,0,24,13,7,15,7,30,27,13,35,5
"hsa-miR-30b-5p",35,43,54,324,255,473,510,418,108,810,117,1153,277,1382,1766,674,1192,804,1693,2453,1013
"hsa-miR-30c-1-3p",27,18,22,14,34,74,79,8,5,40,3,54,34,40,32,16,64,40,44,30,11
"hsa-miR-30c-5p",221,307,296,944,863,2681,2658,790,599,1904,334,3049,1031,2537,2229,877,2687,1931,2328,2607,781
"hsa-miR-30d-3p",13,18,4,24,26,115,102,13,19,76,21,177,69,168,110,33,178,140,129,159,24
"hsa-miR-30d-5p",964,966,738,1480,2759,12198,13271,1819,3727,10024,3329,23568,11852,22255,15933,6508,31928,26348,21854,26500,5484
"hsa-miR-30e-3p",206,211,299,389,763,1222,1325,322,1043,662,683,1092,1249,827,897,514,930,1233,686,862,278
"hsa-miR-30e-5p",1093,1136,774,853,1328,7202,6090,714,1713,2802,912,6771,2997,4794,2692,1070,5888,5198,3938,3268,696
"hsa-miR-31-5p",69,61,36,3,8,29,10,7,9,12,2,19,23,31,10,13,45,20,43,29,8
"hsa-miR-3117-3p",0,0,0,12,8,53,61,13,13,38,6,82,19,55,50,12,55,56,41,50,9
"hsa-miR-3127-5p",0,1,3,9,6,14,17,0,4,10,5,23,16,14,18,10,12,18,14,23,6
"hsa-miR-3135b",1,0,0,2,2,7,14,3,1,9,1,9,1,18,14,4,22,6,28,20,9
"hsa-miR-3141",0,0,0,12,2,8,7,2,4,12,1,8,9,8,1,1,9,7,28,10,5
"hsa-miR-3151-3p",1,2,2,44,31,108,91,29,25,103,18,99,42,140,173,25,149,118,213,278,82
"hsa-miR-3168",24,12,22,19,6,4,4,17,0,2,0,5,3,13,12,13,5,0,3,17,14
"hsa-miR-3176",22,18,19,3,12,20,28,5,1,11,0,22,8,12,4,12,9,9,7,7,3
"hsa-miR-3177-3p",7,1,9,9,15,45,43,6,8,23,2,40,17,36,21,8,38,30,31,14,5
"hsa-miR-3180-3p",14,22,16,3,6,9,9,3,2,17,2,9,11,12,21,3,15,29,15,21,9
"hsa-miR-3182",12,7,2,191,133,676,489,79,289,233,97,644,270,246,169,81,405,573,282,247,72
"hsa-miR-3195",3,4,2,84,9,21,167,11,3,201,5,44,62,44,80,36,61,37,129,55,11
"hsa-miR-3196",1,0,0,49,4,5,59,0,0,64,1,14,30,10,24,18,9,4,44,31,14
"hsa-miR-3200-3p",6,5,7,35,26,89,165,34,36,169,42,265,229,280,271,125,418,366,469,413,92
"hsa-miR-3200-5p",1,0,2,0,2,2,10,3,0,12,3,7,5,19,13,4,21,13,29,24,3
"hsa-miR-320a",474,341,241,287,364,1282,1494,160,574,1216,388,1815,1300,1282,1091,391,1627,1619,1360,1252,255
"hsa-miR-323a-3p",0,0,0,0,1,2,5,1,0,12,3,14,7,33,45,11,37,11,35,44,9
"hsa-miR-323b-3p",0,0,0,1,0,0,1,2,0,6,1,12,2,19,16,12,24,12,22,24,4
"hsa-miR-324-3p",9,4,8,18,20,62,55,8,10,38,9,86,28,59,48,24,48,41,57,43,10
"hsa-miR-324-5p",0,3,1,29,5,25,35,11,1,23,5,38,21,24,38,10,45,14,31,36,9
"hsa-miR-326",0,0,0,15,14,74,68,7,37,46,34,96,78,118,72,23,168,154,107,99,21
"hsa-miR-328-3p",2,3,5,135,120,320,433,67,115,308,96,451,243,315,295,117,425,446,303,338,76
"hsa-miR-330-3p",4,11,10,98,120,363,355,96,58,294,42,557,129,520,603,237,559,370,588,745,212
"hsa-miR-330-5p",4,11,9,29,75,363,307,52,86,196,69,514,288,468,350,108,725,624,571,569,78
"hsa-miR-331-3p",16,39,64,562,289,640,668,211,106,1027,95,1002,259,982,1196,363,546,259,848,1036,249
"hsa-miR-331-5p",0,3,4,17,21,52,90,14,5,50,4,97,26,45,51,29,58,47,75,91,21
"hsa-miR-335-3p",118,200,216,43,38,136,84,22,24,66,7,173,47,139,172,39,155,126,131,150,46
"hsa-miR-335-5p",97,154,140,344,419,946,558,299,93,850,69,994,222,1173,1096,192,723,319,855,1021,252
"hsa-miR-338-5p",2,1,2,44,46,54,41,41,10,41,12,64,15,81,77,28,78,37,78,125,50
"hsa-miR-339-3p",8,19,13,41,34,134,186,32,38,156,19,285,110,228,211,58,310,216,212,273,69
"hsa-miR-339-5p",3,9,5,9,6,21,23,3,3,19,0,21,12,22,8,1,15,14,3,13,1
"hsa-miR-33a-5p",26,60,43,35,41,338,140,20,20,121,23,299,104,250,148,21,232,132,235,198,21
"hsa-miR-33b-5p",47,74,43,12,12,70,31,3,1,42,2,60,14,71,44,7,46,15,72,66,11
"hsa-miR-340-3p",27,38,12,118,136,730,649,90,281,527,298,833,812,852,427,81,1098,912,742,576,95
"hsa-miR-340-5p",257,186,234,1168,2196,4809,5360,975,3601,3520,2510,5921,6425,5637,4654,2588,5910,6815,3827,4619,1144
"hsa-miR-342-3p",514,1904,1559,28054,20460,25197,19620,28488,1485,58087,1751,59173,4666,118127,131778,15051,51845,12164,78904,154277,46644
"hsa-miR-342-5p",3,6,2,33,42,119,166,34,40,130,31,214,122,169,152,57,199,172,165,170,46
"hsa-miR-345-5p",126,160,115,203,230,1449,1054,100,278,531,175,987,475,733,456,164,1064,829,639,505,97
"hsa-miR-346",0,0,1,9,10,21,26,10,16,25,15,44,29,40,23,7,51,43,44,57,16
"hsa-miR-34a-3p",3,8,5,4,6,20,8,2,0,0,4,4,0,1,3,1,3,3,1,3,0
"hsa-miR-34a-5p",19,24,19,23,24,82,82,4,8,30,8,46,30,29,20,13,44,21,20,36,11
"hsa-miR-34c-5p",24,33,21,25,26,125,85,17,49,46,27,88,44,70,39,17,85,99,60,56,17
"hsa-miR-3605-3p",6,5,3,7,34,99,208,12,56,129,50,196,126,143,77,38,167,218,156,124,25
"hsa-miR-3605-5p",0,0,0,3,8,27,16,0,10,22,16,25,14,24,15,1,37,43,29,36,6
"hsa-miR-3607-3p",21,0,0,1,0,10,6,1,28,6,7,7,9,10,4,1,18,25,1,6,1
"hsa-miR-361-3p",7,8,8,22,52,120,174,18,42,100,21,267,106,199,159,73,228,247,208,214,44
"hsa-miR-361-5p",111,222,196,797,662,1870,1724,784,326,2181,220,2716,844,3256,3204,669,3355,2007,3194,3975,1191
"hsa-miR-3615",33,30,23,22,45,142,124,27,36,59,28,109,50,53,58,19,44,73,29,33,11
"hsa-miR-362-5p",6,5,6,15,10,28,40,7,10,7,7,23,7,18,6,11,16,19,34,33,14
"hsa-miR-363-3p",1700,2145,2141,1255,1325,3931,1923,724,362,1023,148,1676,333,988,854,201,608,418,382,413,130
"hsa-miR-3656",2,1,1,23,0,2,26,1,0,26,2,4,24,3,5,9,7,2,43,12,0
"hsa-miR-365a-3p__hsa-miR-365b-3p",14,13,11,1,14,25,44,5,9,44,12,54,34,105,48,12,106,50,102,93,9
"hsa-miR-367-3p",132,310,376,100,52,156,83,24,10,42,4,54,11,46,48,19,17,12,19,20,3
"hsa-miR-3691-5p",13,16,16,5,6,13,20,0,12,10,11,10,14,18,6,7,10,8,8,6,0
"hsa-miR-373-3p",6,23,10,8,19,15,8,3,5,4,1,4,5,2,15,3,4,4,3,4,4
"hsa-miR-374a-3p",116,133,175,78,216,440,302,64,206,193,83,367,256,276,222,116,254,253,181,193,51
"hsa-miR-374a-5p",22,34,59,183,218,443,501,203,84,559,38,759,205,522,851,269,454,364,706,476,212
"hsa-miR-374b-3p",7,10,6,7,21,44,49,7,14,31,6,48,23,59,38,19,43,29,32,27,5
"hsa-miR-375",6,9,8,2231,4412,15070,11508,1946,10093,5888,3800,17963,7697,6034,10374,3039,6420,11363,5660,5819,1973
"hsa-miR-378a-3p",1390,1138,1109,1245,1588,3108,2131,428,681,1026,447,1254,1030,1350,888,550,1279,1298,1001,1258,299
"hsa-miR-381-3p",0,0,0,2,5,16,19,6,15,35,19,105,95,133,128,51,154,163,111,136,47
"hsa-miR-382-5p",1,0,0,0,0,2,3,0,0,8,2,9,4,13,19,4,13,6,21,23,6
"hsa-miR-383-5p",0,0,0,41,57,210,91,27,12,64,16,130,51,114,66,23,117,48,84,87,11
"hsa-miR-3909",7,4,2,2,3,22,13,0,4,4,4,21,6,12,5,1,8,15,5,6,0
"hsa-miR-3929",1,0,0,43,51,402,176,27,161,96,94,332,224,218,146,44,512,591,216,333,74
"hsa-miR-3938",12,15,6,5,11,42,41,3,8,23,11,62,26,37,14,9,54,35,23,27,3
"hsa-miR-3943",2,1,5,19,11,49,81,18,11,93,14,136,36,119,92,20,153,84,118,111,30
"hsa-miR-3960",3,7,4,29,0,2,43,1,0,70,0,0,28,2,4,5,1,3,67,3,1
"hsa-miR-409-3p",0,2,2,4,4,28,34,9,22,46,42,103,81,196,179,25,172,145,106,120,23
"hsa-miR-410-3p",0,0,0,5,10,20,54,15,32,106,33,252,226,470,394,163,484,484,395,472,110
"hsa-miR-411-5p",0,4,1,0,10,20,43,12,15,87,24,190,79,285,259,116,308,201,300,362,61
"hsa-miR-412-5p",0,0,0,2,0,1,5,1,1,4,2,7,19,34,27,10,54,35,30,35,14
"hsa-miR-421",391,616,424,789,1078,3822,3749,642,863,2813,678,4472,2494,3625,3220,1108,4591,3715,3584,3697,807
"hsa-miR-423-3p",734,814,304,283,381,2482,2285,280,708,1619,483,2538,1514,1987,1390,240,2917,2788,1619,1728,255
"hsa-miR-425-3p",2,10,15,27,18,43,30,10,5,26,2,50,9,24,29,13,49,14,16,40,5
"hsa-miR-425-5p",163,236,227,307,338,1170,1148,218,135,779,82,1381,324,1033,856,336,1074,549,870,999,302
"hsa-miR-4284",18,7,7,41,38,210,144,26,57,76,36,131,123,165,86,72,237,211,270,240,37
"hsa-miR-4286",14,20,31,135,162,241,170,129,36,239,17,265,79,280,344,123,177,110,194,348,91
"hsa-miR-4326",5,9,13,2,6,17,18,9,5,13,0,17,12,22,12,8,35,19,21,15,8
"hsa-miR-4448",100,130,41,373,312,2156,789,167,327,331,150,845,458,368,269,26,744,436,295,208,45
"hsa-miR-4449",1,3,0,19,6,11,64,0,0,21,0,10,7,4,4,5,6,3,10,3,0
"hsa-miR-4454",175,240,407,475,310,471,443,402,83,749,34,850,199,1057,1448,462,822,408,1230,1809,735
"hsa-miR-4461",6,3,5,1,8,37,14,7,11,6,6,23,16,26,9,3,22,36,16,26,4
"hsa-miR-4484",4,0,2,1,1,10,7,1,1,4,3,4,1,8,11,3,13,15,15,28,6
"hsa-miR-4485-3p",32,5,8,390,270,450,158,226,56,92,25,147,38,133,127,72,141,95,153,211,104
"hsa-miR-4485-5p",1,0,6,13,11,22,22,3,5,16,3,13,7,13,10,5,14,15,20,17,7
"hsa-miR-4488",1,4,4,197,7,16,270,4,2,229,0,29,77,6,29,16,12,9,121,21,7
"hsa-miR-4497",5,6,3,290,66,174,285,51,16,188,14,154,35,81,104,59,100,42,177,120,28
"hsa-miR-449a",0,2,0,3,6,25,15,2,3,2,0,9,5,2,9,3,7,0,2,6,1
"hsa-miR-449c-5p",0,1,1,7,10,51,18,2,3,2,2,10,4,6,5,1,6,3,2,3,0
"hsa-miR-4508",1,0,1,6,1,0,26,0,1,8,0,5,4,0,2,1,4,4,11,0,1
"hsa-miR-4516",0,1,0,127,33,75,169,29,11,149,8,112,42,67,89,31,62,24,103,68,19
"hsa-miR-4532",9,3,1,308,0,8,546,5,2,338,1,30,113,14,39,41,28,24,169,36,8
"hsa-miR-454-3p",22,41,32,68,70,253,355,38,45,179,28,287,107,197,143,76,203,183,152,168,28
"hsa-miR-454-5p",11,15,3,6,16,60,63,6,30,31,15,52,44,36,21,4,37,24,15,17,9
"hsa-miR-455-3p",0,4,4,14,8,24,26,4,0,14,4,18,1,16,7,1,17,12,18,21,6
"hsa-miR-455-5p",5,5,6,12,31,68,85,5,10,22,2,41,9,35,23,21,36,28,24,27,5
"hsa-miR-4662a-5p",0,0,0,6,1,10,16,4,6,8,2,38,7,17,13,4,19,10,17,28,11
"hsa-miR-4677-3p",13,7,14,21,19,69,49,9,27,30,27,47,34,43,34,17,26,45,27,36,6
"hsa-miR-4745-5p",22,33,17,1,0,1,9,0,5,1,0,2,0,1,1,0,2,4,3,0,0
"hsa-miR-4791",26,21,31,22,18,43,21,13,19,14,10,23,23,16,19,3,23,20,24,20,13
"hsa-miR-484",1183,1282,1273,1851,2225,5123,4503,2189,1435,6074,1244,6551,4249,6657,7485,2327,5959,6443,5920,6922,2379
"hsa-miR-485-3p",0,0,0,2,2,1,12,10,0,24,2,26,11,85,85,18,33,17,63,80,34
"hsa-miR-485-5p",0,0,0,0,0,0,2,0,2,6,1,5,6,17,7,0,22,11,20,13,1
"hsa-miR-486-5p",2059,1454,1482,5955,7349,17193,13416,3771,17797,12012,16660,17348,26610,20331,17621,13973,26982,29471,22300,28504,9175
"hsa-miR-487b-3p",0,0,0,2,0,2,8,1,2,10,1,21,13,38,27,10,36,21,46,48,7
"hsa-miR-488-3p",2,7,5,48,52,124,156,51,25,158,6,267,78,217,238,64,188,133,184,232,52
"hsa-miR-488-5p",0,0,2,3,10,20,28,7,2,35,3,41,8,36,26,8,27,21,31,14,4
"hsa-miR-490-3p",0,0,1,10,29,64,116,28,32,145,19,266,111,313,285,145,360,332,355,363,99
"hsa-miR-490-5p",0,0,0,6,9,15,34,12,4,55,3,93,16,83,102,57,99,74,130,138,28
"hsa-miR-5002-5p",0,0,0,6,9,28,31,8,4,21,1,37,15,28,23,10,32,28,17,19,4
"hsa-miR-500a-3p",236,207,168,351,411,1540,853,139,323,392,111,669,280,398,327,113,382,310,232,297,62
"hsa-miR-501-3p",44,58,28,148,89,478,134,55,51,90,29,124,53,155,78,13,146,80,79,113,26
"hsa-miR-5010-3p",0,0,0,3,2,10,12,2,6,5,0,11,8,11,13,4,25,26,13,19,5
"hsa-miR-504-5p",2,7,1,9,8,28,78,6,15,148,30,215,172,310,248,98,441,399,459,436,72
"hsa-miR-505-3p",6,19,37,99,109,214,164,101,37,282,29,291,117,405,333,60,244,175,270,325,66
"hsa-miR-505-5p",4,6,2,6,5,13,5,3,0,34,2,32,16,30,35,5,72,24,61,76,13
"hsa-miR-5096",23,42,36,27,38,58,46,24,17,28,7,56,21,42,33,8,33,18,24,25,7
"hsa-miR-5100",8,4,4,43,12,54,81,26,11,49,13,52,42,67,56,18,73,51,107,87,21
"hsa-miR-512-3p",271,251,211,10,14,50,24,4,3,8,3,11,12,7,10,2,8,3,4,4,3
"hsa-miR-515-5p",37,62,67,4,0,4,0,2,4,2,0,0,0,2,3,1,0,1,4,4,0
"hsa-miR-516a-5p",14,42,51,9,10,25,18,9,8,22,1,21,5,16,20,5,19,13,14,22,14
"hsa-miR-516b-5p",118,144,90,8,9,54,22,5,8,7,0,25,2,13,15,3,21,18,6,14,0
"hsa-miR-517-5p",12,26,14,0,0,1,4,0,0,0,0,6,0,1,2,0,1,0,1,0,0
"hsa-miR-517b-3p__hsa-miR-517a-3p",25,34,31,2,2,11,6,0,0,3,1,6,2,3,5,1,4,0,0,3,1
"hsa-miR-518a-3p",12,23,13,1,2,5,4,0,0,0,0,1,0,1,1,0,1,0,1,3,0
"hsa-miR-518b",7,34,21,10,6,14,7,3,3,6,1,4,2,6,5,1,1,2,0,1,0
"hsa-miR-518c-3p",2,17,25,3,3,5,1,0,0,0,0,0,1,1,0,0,0,1,2,1,0
"hsa-miR-518e-3p",14,28,7,0,0,3,1,1,0,1,0,2,0,1,3,0,1,0,0,3,0
"hsa-miR-519c-3p",36,54,54,4,6,20,21,7,1,7,0,6,2,4,7,3,5,1,4,3,1
"hsa-miR-520a-3p",34,16,28,4,5,9,18,1,6,8,2,8,0,3,2,0,3,2,1,6,0
"hsa-miR-520a-5p",17,34,30,2,1,8,6,1,0,2,0,4,1,5,0,0,1,0,0,3,0
"hsa-miR-522-3p",15,20,20,1,0,2,4,0,0,3,0,4,0,4,2,1,2,0,3,4,1
"hsa-miR-522-5p__hsa-miR-523-5p__hsa-miR-519c-5p__hsa-miR-519b-5p__hsa-miR-519a-5p__hsa-miR-518e-5p",10,34,27,3,3,0,0,1,1,4,0,2,0,2,2,0,0,1,0,2,0
"hsa-miR-525-5p",14,49,45,4,5,9,8,2,0,15,0,3,0,5,5,2,1,1,1,10,0
"hsa-miR-526b-5p",10,8,46,1,2,6,3,1,0,0,0,3,0,1,0,0,0,0,0,1,0
"hsa-miR-532-5p",34,32,40,71,114,239,164,31,112,97,71,165,130,86,91,64,94,133,73,87,13
"hsa-miR-545-3p",2,6,10,8,18,23,11,6,1,23,1,17,2,36,34,2,19,9,14,35,2
"hsa-miR-548g-3p",190,177,90,36,50,292,109,8,141,28,73,94,49,35,47,1,29,62,13,22,3
"hsa-miR-548k",32,48,26,7,24,92,58,7,27,35,5,42,20,33,23,8,36,38,19,14,2
"hsa-miR-548o-3p",9,7,7,5,9,24,21,4,5,5,4,15,5,16,6,5,11,5,6,9,2
"hsa-miR-550a-5p",18,26,21,6,1,18,11,4,1,19,1,35,2,22,13,8,15,8,18,15,4
"hsa-miR-551b-3p",0,0,4,85,105,248,127,68,47,125,21,218,22,158,178,12,78,48,59,79,12
"hsa-miR-556-5p",7,13,30,6,3,4,6,4,1,8,0,3,1,3,9,3,1,0,3,8,1
"hsa-miR-5585-3p",40,30,13,34,35,89,63,21,38,83,29,94,80,113,72,25,146,74,115,115,35
"hsa-miR-561-5p",199,154,85,11,13,102,56,5,19,13,6,27,13,17,7,1,11,23,12,2,1
"hsa-miR-5683",0,0,0,273,353,587,769,198,96,436,44,538,186,477,423,191,297,253,331,351,98
"hsa-miR-5701",320,30,15,16,12,71,33,5,77,18,46,43,71,31,20,4,58,61,14,17,13
"hsa-miR-574-3p",4,3,3,9,5,31,21,5,5,15,3,30,4,37,43,10,64,75,77,87,16
"hsa-miR-574-5p",20,8,15,10,8,20,18,2,10,12,2,33,13,22,44,21,57,50,77,130,34
"hsa-miR-577",174,261,283,80,75,175,54,49,18,25,11,64,22,38,33,20,30,17,36,29,11
"hsa-miR-582-3p",4,2,0,2,11,23,48,10,49,25,65,100,145,90,87,44,157,182,89,109,30
"hsa-miR-582-5p",0,0,0,1,1,7,12,0,0,13,1,33,24,46,32,4,57,40,48,71,19
"hsa-miR-589-5p",162,107,58,21,35,225,162,7,59,43,37,145,88,101,59,22,126,112,65,51,7
"hsa-miR-590-3p",3,8,1,2,6,28,11,5,2,7,2,8,4,18,10,1,11,6,15,9,1
"hsa-miR-592",9,10,4,29,58,134,256,42,66,150,61,362,192,301,252,123,318,254,181,242,39
"hsa-miR-598-3p",20,14,10,60,78,296,307,62,196,233,192,437,584,413,400,264,569,747,455,558,135
"hsa-miR-6087",9,3,3,39,0,3,44,2,0,65,1,6,21,5,11,20,4,1,63,20,2
"hsa-miR-618",3,3,4,2,9,25,25,1,6,20,7,32,19,34,36,12,32,27,32,35,7
"hsa-miR-619-5p",22,33,19,64,47,88,68,42,8,92,7,134,43,128,109,16,76,49,101,100,45
"hsa-miR-625-3p",8,9,1,3,0,16,6,1,24,3,16,8,10,3,2,0,9,9,3,3,0
"hsa-miR-628-3p",4,4,2,165,181,297,263,136,20,398,21,473,83,451,610,148,320,160,478,645,163
"hsa-miR-628-5p",0,2,0,25,55,200,208,41,33,146,27,231,100,196,162,57,256,166,179,148,30
"hsa-miR-629-5p",23,13,16,5,19,33,50,2,13,16,7,35,18,21,6,3,33,18,14,13,1
"hsa-miR-641",15,15,10,5,5,23,8,7,11,7,5,17,12,16,9,1,27,20,18,15,3
"hsa-miR-6511a-3p",3,3,0,5,4,12,21,4,4,16,3,14,11,22,12,5,18,5,38,26,4
"hsa-miR-6511b-3p",4,3,1,3,5,22,20,3,2,25,6,29,13,25,19,11,31,29,34,44,11
"hsa-miR-652-3p",6,13,23,169,118,251,153,82,49,147,34,207,142,186,222,113,257,181,308,325,80
"hsa-miR-654-3p",1,0,0,1,2,14,24,5,16,23,16,60,55,83,60,20,100,93,65,58,7
"hsa-miR-660-5p",17,9,15,43,77,165,153,36,30,60,13,107,56,80,65,32,66,57,58,66,11
"hsa-miR-664a-3p",3,0,1,4,13,62,38,12,12,12,10,27,14,35,16,14,35,37,14,27,8
"hsa-miR-664a-5p",0,1,0,8,4,10,12,8,2,19,3,32,15,20,25,15,31,38,30,41,15
"hsa-miR-665",0,0,0,21,8,15,9,13,1,27,0,26,5,31,37,4,11,9,36,33,16
"hsa-miR-670-3p",3,1,1,3,4,18,30,1,5,27,2,37,69,110,49,60,247,195,274,243,30
"hsa-miR-671-3p",43,70,52,43,135,282,333,39,91,231,51,377,224,357,308,133,412,379,348,457,97
"hsa-miR-671-5p",8,12,15,10,4,21,21,5,3,22,6,18,8,33,27,3,31,23,36,24,11
"hsa-miR-6716-3p",0,0,0,1,7,5,8,4,1,6,3,18,16,11,9,7,20,21,19,12,4
"hsa-miR-6723-5p",3,3,2,12,18,41,23,6,13,15,8,30,23,32,30,19,39,41,44,62,21
"hsa-miR-6837-3p",0,1,1,9,13,24,13,8,20,11,8,29,18,31,22,14,31,33,24,30,7
"hsa-miR-7-1-3p",3,2,1,24,14,60,58,18,16,36,5,48,22,53,50,10,46,33,28,29,10
"hsa-miR-708-3p",26,33,35,78,145,338,430,96,235,346,216,695,553,656,604,264,668,839,441,575,171
"hsa-miR-708-5p",16,33,21,279,189,398,746,260,125,820,135,1224,486,1311,1075,364,1322,953,1105,1360,431
"hsa-miR-744-3p",0,2,0,8,4,16,17,1,3,12,4,22,9,16,16,11,25,26,20,18,7
"hsa-miR-744-5p",254,234,123,71,72,491,606,49,136,462,139,985,497,633,453,143,1200,875,834,612,95
"hsa-miR-758-3p",0,0,0,0,0,1,1,0,0,6,4,10,7,15,15,3,17,11,7,20,2
"hsa-miR-760",3,1,1,6,17,29,90,13,19,84,13,102,62,79,116,27,186,131,177,156,31
"hsa-miR-7641",246,6,7,72,55,335,238,61,234,217,126,283,247,210,158,88,295,396,250,189,44
"hsa-miR-766-3p",11,24,18,215,198,601,345,157,166,551,157,621,254,815,811,225,768,480,864,1541,329
"hsa-miR-767-5p",133,115,118,142,326,537,1138,289,236,982,256,1868,773,1680,1693,903,1745,1303,1392,1528,423
"hsa-miR-769-3p",0,0,1,19,28,52,30,14,4,29,3,44,6,42,40,27,40,20,25,59,11
"hsa-miR-769-5p",268,351,374,2970,5161,11613,7156,1954,3190,4640,1842,8190,5281,8550,6994,3618,9326,9261,6070,10209,2434
"hsa-miR-7704",109,29,45,189,55,117,698,82,33,882,38,552,460,507,913,851,837,645,1672,1284,397
"hsa-miR-7706",27,37,53,90,173,419,254,83,53,116,26,169,75,119,123,66,93,144,58,95,44
"hsa-miR-7974",275,172,92,2,0,4,3,0,7,3,3,2,6,0,1,0,0,0,0,0,0
"hsa-miR-873-3p",113,117,53,61,65,399,769,137,571,642,537,1432,1445,1346,903,316,2376,2797,1204,1295,385
"hsa-miR-873-5p",18,34,34,58,60,179,378,104,64,505,68,851,399,1056,898,387,1164,867,1104,1289,384
"hsa-miR-874-3p",242,251,258,973,237,468,1017,386,172,1070,207,1039,707,926,1175,440,1514,1156,1627,1415,443
"hsa-miR-874-5p",7,4,4,10,9,29,36,11,5,36,12,65,19,48,40,15,69,40,77,67,9
"hsa-miR-876-3p",0,0,0,0,0,3,7,1,1,4,1,10,5,23,14,3,24,14,22,20,5
"hsa-miR-876-5p",0,2,0,0,0,0,1,0,0,3,2,15,3,20,4,4,17,9,6,5,1
"hsa-miR-877-5p",102,127,91,190,149,298,187,100,36,208,32,260,93,267,321,70,265,173,264,369,103
"hsa-miR-885-5p",0,3,3,21,10,34,37,10,13,52,13,44,35,52,54,15,60,42,158,113,19
"hsa-miR-887-3p",10,31,24,243,170,293,146,94,39,69,22,67,46,67,93,26,41,36,25,51,24
"hsa-miR-887-5p",4,6,3,3,20,31,37,6,3,13,5,15,9,16,20,3,7,10,12,9,0
"hsa-miR-889-3p",0,0,0,0,5,4,9,0,6,12,13,30,42,51,59,21,70,54,52,91,36
"hsa-miR-891a-5p",0,0,0,16,58,146,124,17,49,65,37,132,73,104,70,40,95,118,66,82,7
"hsa-miR-9-3p",1,1,0,12,5,16,14,5,3,9,0,21,10,14,11,7,14,20,21,28,11
"hsa-miR-9-5p",16,25,51,574,724,959,773,387,528,520,360,683,1019,779,848,520,932,1065,1085,1551,542
"hsa-miR-92a-1-5p",91,82,42,5,3,13,13,0,0,10,1,13,4,6,18,0,7,5,3,2,3
"hsa-miR-92a-3p",58239,61313,65397,15998,31414,77249,49744,7557,10202,21386,3485,27472,8997,13574,12792,4873,9119,7892,7013,6709,1605
"hsa-miR-92b-3p",29602,42987,33203,4696,6398,18086,22388,2788,5846,13271,2878,12745,8320,7973,7492,4796,6331,8443,6935,4628,1325
"hsa-miR-92b-5p",43,56,35,3,0,8,4,1,1,1,0,4,0,0,3,0,4,1,4,2,1
"hsa-miR-93-3p",43,57,33,41,57,211,139,32,44,94,29,147,68,80,69,20,77,72,62,63,11
"hsa-miR-93-5p",824,805,806,1180,1528,4153,3923,644,835,1987,479,3258,1320,1905,1544,668,1686,1428,1151,1315,284
"hsa-miR-935",15,13,20,70,20,66,100,23,9,63,26,106,74,136,104,41,156,76,167,193,43
"hsa-miR-937-3p",29,40,14,8,8,43,27,8,25,23,22,34,26,24,23,1,38,44,16,21,7
"hsa-miR-940",5,6,9,9,1,11,17,2,1,20,2,17,8,13,14,3,12,10,18,18,4
"hsa-miR-941",226,219,362,460,545,1623,1753,325,507,970,227,1551,800,949,1105,677,1164,1203,1022,1067,454
"hsa-miR-943",0,3,1,0,6,4,16,0,3,7,2,20,6,8,7,5,14,18,17,5,1
"hsa-miR-95-3p",0,1,0,7,11,69,90,7,13,83,22,204,70,166,116,29,259,136,190,204,47
"hsa-miR-96-5p",142,128,83,109,93,672,376,57,130,310,70,814,223,431,623,92,425,526,529,315,141
"hsa-miR-98-5p",3,5,0,12,6,10,24,2,15,20,12,29,22,25,9,8,54,52,50,58,15
"hsa-miR-99a-5p",1,3,0,66,55,263,134,58,39,112,20,209,56,232,197,57,310,198,271,331,96
"hsa-miR-99b-3p",16,7,10,32,43,103,134,26,44,89,41,135,93,115,68,58,109,123,81,105,13
"hsa-miR-99b-5p",912,942,1250,9933,5375,12837,16530,9161,5628,13932,3313,21000,10289,22473,19158,14015,27658,22832,25100,23241,14991
"p-hsa-miR-102-1__p-hsa-miR-102-2__p-hsa-miR-102-3",471,26,42,3006,1815,6072,1642,2104,1022,1222,521,3231,819,2285,2064,654,2056,1347,1323,1519,668
"p-hsa-miR-103",146,14,15,59,58,132,341,53,46,305,52,350,170,424,224,185,341,306,525,318,73
"p-hsa-miR-105",2,2,2,123,41,65,64,79,12,77,2,110,24,143,230,31,61,38,127,107,93
"p-hsa-miR-106",0,4,4,41,0,4,30,0,0,35,0,4,23,4,4,8,6,0,54,6,3
"p-hsa-miR-113",284,6,1,48,42,286,232,39,223,112,128,306,201,170,107,44,251,282,143,120,23
"p-hsa-miR-114",0,0,0,62,17,48,54,35,30,57,8,65,55,90,115,21,53,65,78,79,69
"p-hsa-miR-121",3,4,1,28,50,102,45,11,50,20,28,19,22,25,9,6,14,32,20,19,5
"p-hsa-miR-124",12,16,19,34,6,13,24,3,4,43,3,14,12,13,17,14,11,12,22,20,3
"p-hsa-miR-132",1,0,0,2,6,28,8,3,7,5,1,11,7,4,11,1,14,5,5,2,2
"p-hsa-miR-135",7,2,5,7,4,15,15,4,11,17,3,25,10,30,16,5,21,21,20,15,4
"p-hsa-miR-139",0,0,1,42,16,36,19,17,21,28,8,29,20,64,62,5,44,35,33,25,19
"p-hsa-miR-225",1,5,1,19,7,16,9,8,4,11,1,9,6,15,39,4,8,5,16,12,5
"p-hsa-miR-232",39,4,4,222,131,360,200,104,47,122,25,231,18,150,111,15,84,53,83,85,25
"p-hsa-miR-235-3__p-hsa-miR-235-2__p-hsa-miR-235-1",2724,311,274,203,360,985,1434,158,175,1005,145,2096,809,1710,1638,801,2629,1645,2627,2503,636
"p-hsa-miR-247",25979,4101,1995,9736,7259,19234,24231,4975,5194,14680,6742,18051,16296,19757,13524,4463,24086,19751,15124,17834,4723
"p-hsa-miR-256",34,39,38,424,178,439,417,235,234,492,126,585,381,678,711,131,505,430,537,451,257
"p-hsa-miR-317",5,11,6,131,16,37,151,18,0,71,0,60,27,24,37,12,12,10,42,15,8
"p-hsa-miR-330",130,100,101,1854,1247,5834,4841,1599,1021,4188,362,4573,1565,2145,2080,401,2180,1201,2078,749,250
"p-hsa-miR-335",319,385,194,117,199,962,1328,149,414,853,262,1735,918,1036,763,370,1580,1633,982,890,230
"p-hsa-miR-336",246,585,366,305,262,766,531,153,75,749,88,1088,315,958,857,187,807,434,795,916,157
"p-hsa-miR-338",6,2,8,519,2,42,317,7,6,223,6,73,77,12,47,19,16,19,122,15,6
"p-hsa-miR-6",11,6,11,131,43,85,88,47,17,113,12,128,42,185,232,30,109,57,168,121,78
"RNA5SP115",0,0,0,0,2,2,1,2,0,18,0,3,13,0,3,0,1,1,21,2,0
"RNA5SP202",6,0,1,3,4,15,14,4,15,20,19,15,30,20,12,4,21,27,20,8,2
"RNA5SP283_RNA5SP28",6,1,0,10,4,17,28,5,12,19,8,17,20,13,16,8,20,17,10,9,7
"RNA5SP355",18,0,0,10,10,17,26,7,24,34,27,29,35,32,16,11,31,44,29,25,4
"RNA5SP434",63,30,28,4,6,10,4,2,4,2,3,5,10,10,9,1,1,3,4,1,1
"RNA5SP451",0,0,0,0,0,1,0,0,1,1,0,4,3,4,2,1,4,23,0,0,0
"RNA5SP473",5,3,4,32,8,33,14,19,5,45,3,33,21,59,64,11,34,17,38,46,18
"RNA5SP50_RNA5SP508",2,0,0,4,3,6,12,4,11,22,7,14,14,22,17,6,20,24,14,8,8
"RNA5SP71",4,3,0,158,47,96,84,78,9,148,6,150,40,193,269,43,95,57,157,154,95
"RNU1-42P",65,0,0,1,0,1,0,1,3,0,0,1,1,0,1,0,1,1,0,0,2
"RNU1-65P",112,33,42,624,538,1615,890,261,252,404,85,461,154,283,199,69,179,137,168,148,51
"RNU11_RNU11-6P",39,7,4,67,68,270,188,16,75,92,21,136,52,59,46,11,55,46,24,25,6
"RNU12-2P_RNU12",10,3,6,117,61,160,79,66,16,62,11,75,22,38,22,3,24,13,41,15,6
"RNU2-18P",1,0,0,12,3,7,7,8,0,7,0,9,4,11,22,0,10,4,15,12,5
"RNU2-24P",16,11,5,577,236,380,413,301,66,587,34,718,187,913,1302,157,468,299,804,648,465
"RNU2-30P",3,3,1,40,12,32,30,17,8,33,0,40,15,52,73,11,24,18,48,50,32
"RNU4-1_RNU4-10P",23,0,0,0,0,5,7,0,17,2,0,9,10,3,1,0,5,9,4,1,2
"RNU4-78P",18,22,12,55,38,83,43,26,10,47,1,32,8,40,43,6,16,18,33,36,12
"RNU4-86P",5,9,17,6,5,10,6,3,2,12,2,12,7,27,11,9,27,33,14,25,7
"RNU4ATAC10P",9,10,4,26,38,105,109,18,17,37,13,60,24,34,34,7,28,30,22,24,3
"RNU5A-1",68,9,3,10,8,30,11,5,40,6,1,21,11,21,13,1,8,38,8,14,1
"RNU5A-8P",46,8,4,51,21,58,21,21,10,32,5,35,7,30,30,3,16,13,20,18,10
"RNU5B-1",85,4,4,109,51,477,176,47,124,167,14,357,65,106,242,34,85,171,111,95,54
"RNU5D-1",35,5,3,90,50,146,50,11,4,69,3,46,13,43,42,4,12,10,29,15,1
"RNU5E-1_RNU5E-10P",261,16,13,91,60,143,66,16,15,52,3,65,20,41,45,7,26,27,27,23,5
"RNU5F-4P",2,0,0,25,4,17,3,14,1,16,2,19,7,34,46,0,20,16,18,19,7
"RNU6-1059P",4,4,1,11,9,27,7,6,2,4,1,8,1,8,10,1,6,3,11,10,2
"RNU6-1069P",18,19,18,363,26,70,192,94,6,385,15,208,57,181,265,103,155,75,397,287,89
"RNU6-1163P",14,0,6,12,23,54,49,12,22,37,0,39,20,35,23,0,33,45,34,25,9
"RNU6-1256P",1,0,0,6,6,7,9,5,19,1,14,9,18,20,6,3,11,13,6,8,2
"RNU6-233P",5,11,10,373,114,237,255,164,48,320,15,320,121,430,666,132,251,168,388,345,254
"RNU6-510P",3,7,2,14,4,22,6,6,3,9,3,14,13,18,20,8,21,31,16,20,4
"RNU7-147P_RNU7-1",5,0,1,14,19,47,22,4,8,7,8,1,4,7,6,3,8,2,2,1,1
"RNU7-179P",5,4,1,8,8,5,13,7,3,9,1,13,3,17,25,3,13,5,15,12,4
"SCARNA12",10,3,5,9,4,20,18,1,7,5,3,21,0,6,3,1,3,11,7,2,0
"snoMe28S-Am2634_snoMe28S-Am2634",2,2,2,35,15,28,30,16,6,29,3,32,11,58,61,9,36,20,29,34,26
"SNORA1_SNORA11_SNORA11_SNORA11C",0,0,0,2,3,6,15,1,5,4,3,18,9,19,20,5,7,19,13,24,3
"SNORA2B",2,1,0,3,2,18,10,2,4,10,4,3,6,26,11,4,26,19,34,47,6
"SNORA45A",7,0,3,6,13,22,11,2,6,6,5,9,3,5,3,0,3,3,1,7,1
"SNORA45B",18,0,6,21,10,35,8,17,7,12,1,19,8,13,9,4,8,8,19,24,13
"SNORA48_SNORA48",3,9,20,10,44,48,39,6,9,14,6,23,9,16,15,14,15,10,7,4,2
"SNORA60",1,0,1,2,0,9,4,4,5,14,2,16,4,17,30,1,26,10,20,17,9
"SNORA61",23,13,24,4,11,46,19,5,4,4,3,13,2,11,4,2,3,8,4,11,1
"SNORA65",56,3,2,23,11,26,17,7,15,10,1,14,13,18,9,1,5,7,8,10,3
"SNORA73A",14,2,2,21,14,11,5,8,1,3,1,6,2,3,4,1,1,2,2,2,1
"SNORA74A",25,43,56,23,34,145,80,16,22,45,13,73,22,35,53,22,40,50,20,36,10
"SNORA74B",0,2,0,0,1,21,13,4,3,5,2,12,3,8,5,1,4,4,2,10,0
"SNORD100",47,17,28,94,62,136,79,74,22,90,13,69,39,109,98,37,67,62,87,99,47
"SNORD101_SNORD10",9,7,7,17,41,121,82,15,43,32,22,67,45,41,47,22,49,65,24,31,12
"SNORD102",21,9,12,28,31,122,65,12,40,35,36,52,36,30,20,7,43,39,29,13,7
"SNORD104",1141,266,223,587,953,2544,1976,324,1157,984,565,1672,1187,1078,944,279,1316,1388,750,872,207
"SNORD105",76,13,9,84,50,159,178,114,47,315,54,242,122,453,261,70,323,248,293,328,52
"SNORD105B",41,3,4,3,5,12,9,0,16,7,7,7,8,5,4,0,9,21,6,6,2
"SNORD111_SNORD111",12,5,3,8,10,25,13,1,5,8,2,17,1,5,6,2,7,4,5,4,0
"SNORD111B",11,14,21,57,90,268,270,42,131,177,51,312,149,230,149,49,233,243,119,183,27
"SNORD114-26",0,0,0,0,1,1,3,0,1,1,0,3,0,7,9,10,12,8,11,20,10
"SNORD115-10",0,0,0,3,7,10,26,8,26,18,24,40,88,26,37,8,35,97,37,35,15
"SNORD115-15",0,0,0,1,4,6,21,3,11,17,10,33,28,38,18,4,51,54,23,41,7
"SNORD115-2_SNORD115-23",1,0,0,4,5,12,16,13,13,34,18,41,31,45,40,6,32,50,48,41,6
"SNORD115-21",0,0,0,2,1,2,9,0,5,9,10,7,26,6,12,1,15,32,13,19,5
"SNORD115-32",0,0,0,9,4,27,41,21,64,62,63,89,75,113,93,26,156,140,115,181,64
"SNORD115-33",0,0,0,1,3,1,9,3,13,9,6,12,17,14,17,1,21,14,11,23,8
"SNORD115-39",0,0,0,1,4,2,12,6,0,8,1,15,4,8,20,5,8,6,19,36,7
"SNORD115-5",1,0,0,0,1,0,7,0,8,4,5,9,13,13,7,2,22,21,21,13,7
"SNORD116-1_SNORD116-14",26,0,3,3,0,16,10,2,11,9,10,11,15,18,7,2,18,13,5,5,7
"SNORD116-10",19,26,18,7,8,25,19,2,8,20,6,37,18,18,17,6,39,37,22,26,3
"SNORD116-23",21,6,5,21,17,77,35,17,32,33,17,55,38,75,41,7,65,69,63,72,14
"SNORD116-24",23,5,3,5,4,38,27,9,70,18,55,28,71,44,42,5,51,84,35,39,6
"SNORD116-26",0,4,0,1,2,13,10,1,13,6,3,15,14,16,9,1,21,24,6,3,2
"SNORD116-29",49,28,16,19,7,53,25,13,29,21,18,39,35,62,50,4,75,62,34,46,16
"SNORD116-8",1,1,4,6,5,12,4,3,3,10,3,17,5,16,19,5,20,16,11,25,22
"SNORD118",22,0,0,1,6,1,2,1,5,1,1,1,3,2,1,0,4,1,1,0,0
"SNORD11B",21,0,1,7,7,31,28,9,12,14,6,24,21,20,9,1,26,25,16,9,3
"SNORD121B",1,2,1,6,3,12,27,6,19,11,4,22,9,16,23,9,10,14,12,6,6
"SNORD123_SNORD12",605,46,38,61,26,129,80,25,102,42,63,86,80,51,67,8,56,101,37,39,24
"SNORD126",43,16,11,7,6,42,21,2,8,8,6,5,4,15,7,0,13,6,4,4,2
"SNORD12B",40,5,18,9,22,57,49,4,17,7,8,9,15,4,3,3,7,10,2,5,0
"SNORD12C",256,4,3,6,9,28,17,4,53,6,25,10,39,16,5,2,20,20,5,9,2
"SNORD13_SNORD13P1",159,108,73,41,70,279,200,36,95,94,54,254,121,175,125,45,197,204,167,170,26
"SNORD14C",719,33,20,44,42,207,88,10,47,42,22,86,49,42,30,12,38,59,20,22,10
"SNORD14D",181,24,11,49,57,155,72,19,20,43,17,68,22,27,20,7,16,17,22,17,8
"SNORD14E",16,6,7,69,54,195,86,17,14,36,7,55,12,30,20,8,10,18,18,13,2
"SNORD18A",122,30,25,28,21,104,54,13,121,26,51,53,76,55,37,19,61,101,15,29,12
"SNORD19B",34,14,3,10,4,11,5,5,10,2,3,2,3,8,0,2,2,6,4,5,0
"SNORD1A",16,8,9,7,8,39,24,10,18,17,11,21,24,25,16,7,23,20,11,10,3
"SNORD1C",40,16,17,12,18,46,26,14,17,24,5,21,20,23,16,13,20,22,20,33,9
"SNORD20",58,19,19,790,459,2112,1458,380,692,1380,441,1717,689,1360,952,301,990,768,965,752,252
"SNORD21",42,30,31,42,29,109,61,21,5,48,7,67,18,56,45,7,50,32,33,31,10
"SNORD22",19,16,15,21,25,67,27,11,12,17,7,37,11,13,18,5,12,16,9,5,0
"SNORD24",57,6,6,22,27,63,38,8,32,36,6,29,19,22,14,7,28,17,17,37,6
"SNORD25",157,91,58,317,391,1249,849,108,353,426,183,700,428,562,422,161,515,577,313,365,78
"SNORD26",273,136,163,199,192,766,587,107,247,320,143,596,290,398,307,94,399,423,238,264,56
"SNORD30_SNORD30",1261,1398,2690,3627,2688,3668,1919,2465,1351,1656,787,2377,1030,2123,3302,1184,1793,1199,1132,1820,1462
"SNORD31",22,12,4,17,12,65,33,10,11,26,4,37,20,21,22,8,30,22,20,17,8
"SNORD32A",101,40,17,15,33,170,80,9,89,36,51,77,54,51,27,7,51,57,26,34,3
"SNORD34",34,3,2,0,5,10,5,5,3,1,1,6,0,3,3,0,0,2,2,0,1
"SNORD36B",171,205,184,63,51,116,89,46,27,65,8,78,30,73,55,27,62,54,50,45,27
"SNORD38A",16,18,10,51,86,235,90,30,85,40,27,51,30,30,28,7,19,26,22,9,3
"SNORD42A",387,248,87,13,10,86,42,10,43,39,42,69,41,59,28,1,56,48,47,41,7
"SNORD43",67,16,21,32,60,95,53,13,49,26,11,50,18,23,35,13,37,36,16,29,7
"SNORD44",5078,3666,3905,139,267,652,272,69,275,164,169,271,300,215,196,63,239,236,117,119,46
"SNORD45A",17,10,12,1,12,41,18,1,6,5,1,13,3,6,8,6,3,11,7,15,2
"SNORD45C",27,9,12,13,20,35,23,3,16,11,4,13,4,12,8,8,11,15,8,13,4
"SNORD48",1847,2312,2997,865,1084,2500,2350,615,569,1484,236,2427,827,2137,1967,745,1798,1517,1512,2028,693
"SNORD49A",9,6,3,1,4,33,22,0,11,8,0,7,4,10,2,0,4,5,9,4,0
"SNORD4A",32,15,11,17,26,93,52,14,28,23,10,41,25,38,32,22,26,38,37,37,6
"SNORD50_SNORD50_SNORD50A",1495,937,1064,179,266,739,585,111,552,236,318,488,503,319,272,113,330,452,205,254,80
"SNORD50B",40,42,43,89,56,152,125,42,51,99,10,74,29,98,112,24,59,50,48,48,25
"SNORD52",130,46,67,339,548,1634,2136,296,295,1085,146,2199,642,1480,1170,523,1311,1059,1029,1116,243
"SNORD55",13,5,2,34,32,84,52,10,14,20,5,22,8,20,9,1,21,7,14,10,2
"SNORD57",37,7,4,14,11,63,37,11,51,32,35,44,34,30,23,2,32,74,27,16,5
"SNORD58A",35,3,3,2,5,12,4,2,16,8,8,6,7,11,3,1,11,14,1,2,2
"SNORD58B",33,36,16,8,9,44,20,1,11,16,7,26,12,26,17,10,20,13,23,9,3
"SNORD59A",3,1,1,8,8,41,24,4,9,20,3,30,8,25,38,2,37,45,21,21,13
"SNORD61",11,1,0,15,25,85,55,7,56,38,71,70,61,31,27,10,45,44,22,13,5
"SNORD63_SNORD6",21,1,1,58,52,100,52,17,6,14,10,16,12,13,11,1,8,7,9,13,1
"SNORD65_SNORD65",18,12,22,60,65,72,40,38,6,31,1,31,5,22,43,10,21,6,15,11,14
"SNORD68",81,11,8,12,12,72,23,9,41,14,52,23,26,21,21,5,42,47,15,14,9
"SNORD69",175,76,94,64,72,237,145,53,128,108,62,149,120,147,99,38,136,172,75,107,30
"SNORD71",3,0,1,10,11,43,28,4,9,18,8,33,20,23,23,2,29,35,19,29,4
"SNORD72",27,55,56,2,6,12,11,1,2,3,3,6,1,6,6,1,0,4,2,3,0
"SNORD74_SNORD74",15,11,5,53,56,192,86,23,32,39,11,85,24,65,44,10,48,50,39,42,12
"SNORD77_SNORD77_SNORD7",6,5,6,11,9,29,4,10,11,14,5,12,16,5,15,4,8,5,13,3,2
"SNORD82_SNORD8",84,68,72,313,485,1543,792,166,389,353,169,572,314,439,298,141,409,469,316,274,64
"SNORD83A",158,9,5,33,20,138,71,7,81,28,51,75,79,16,20,5,31,33,22,14,7
"SNORD83B",35,2,2,6,8,8,6,1,4,1,3,8,0,1,1,2,3,5,2,6,1
"SNORD87",65,9,6,11,11,18,9,14,18,10,2,12,15,13,12,0,8,12,15,20,9
"SNORD88_SNORD88A",38,32,24,20,29,74,66,11,13,40,5,72,9,43,33,1,30,13,18,30,7
"SNORD88C",27,15,13,16,10,34,60,4,11,18,6,23,7,18,17,4,17,11,5,11,8
"SNORD90",16,22,1,0,10,32,15,8,40,25,35,33,38,34,10,0,48,53,12,21,7
"SNORD92",57,31,33,186,214,562,281,60,191,94,61,164,79,110,58,27,90,94,41,62,24
"SNORD93",2211,1955,1523,1049,1371,5199,2557,536,2151,894,922,1980,1059,1207,740,201,1142,1371,484,515,163
"SNORD94_SNORD9",5,3,5,15,13,64,40,2,14,7,9,22,9,14,6,1,12,11,5,6,0
"SNORD96A",23,10,4,13,16,60,20,6,14,19,7,28,13,12,9,3,11,20,8,6,4
"SNORD97",7,0,0,3,6,25,11,4,8,8,0,10,1,5,5,3,7,7,3,4,2
"SNORD99",354,119,39,75,97,321,174,36,123,123,105,183,129,121,97,19,161,146,105,74,16
"snoU2_snoU2_snoU2-30_snoU2-30",1,4,11,25,25,52,52,16,12,80,4,60,26,80,98,5,76,96,86,97,15
