"","Day","Differentiation","Condition","Drug","pLNA","DishID","VideoID","CellID","log_amp_mean","amp_mean"
"1","Day37","m1","pLNA-1229_MA","MA","pLNA-1229","m1.MA.pLNA-1229.CS1","m1.MA.pLNA-1229.CS1.1","m1.MA.pLNA-1229.CS1.1.Mean1",-2.45795757214361,0.0856096240089083
"2","Day37","m2","pLNA-1229_MA","MA","pLNA-1229","m2.MA.pLNA-1229.CS1","m2.MA.pLNA-1229.CS1.1","m2.MA.pLNA-1229.CS1.1.Mean1",-2.23669521086526,0.108509442008881
"3","Day37","m3","pLNA-1229_MA","MA","pLNA-1229","m3.MA.pLNA-1229.CS1","m3.MA.pLNA-1229.CS1.1","m3.MA.pLNA-1229.CS1.1.Mean1",-2.13772233459026,0.120658855509064
"4","Day37","m2","pLNA-1229_MC","MC","pLNA-1229","m2.MC.pLNA-1229.CS1","m2.MC.pLNA-1229.CS1.1","m2.MC.pLNA-1229.CS1.1.Mean1",-1.93584808389308,0.147029905236382
"5","Day37","m3","pLNA-1229_MC","MC","pLNA-1229","m3.MC.pLNA-1229.CS1","m3.MC.pLNA-1229.CS1.1","m3.MC.pLNA-1229.CS1.1.Mean1",-1.39833483226157,0.258812198067633
"6","Day37","m1","pLNA-Ctrl_MA","MA","pLNA-Ctrl","m1.MA.pLNA-Ctrl.CS1","m1.MA.pLNA-Ctrl.CS1.1","m1.MA.pLNA-Ctrl.CS1.1.Mean1",-2.41066751410567,0.0901898467163549
"7","Day37","m3","pLNA-Ctrl_MA","MA","pLNA-Ctrl","m3.MA.pLNA-Ctrl.CS1","m3.MA.pLNA-Ctrl.CS1.1","m3.MA.pLNA-Ctrl.CS1.1.Mean1",-2.21882045176968,0.110935769905928
"8","Day37","m1","pLNA-Ctrl_MC","MC","pLNA-Ctrl","m1.MC.pLNA-Ctrl.CS1","m1.MC.pLNA-Ctrl.CS1.1","m1.MC.pLNA-Ctrl.CS1.1.Mean1",-1.38404346181396,0.257558623381365
"9","Day37","m3","pLNA-Ctrl_MC","MC","pLNA-Ctrl","m3.MC.pLNA-Ctrl.CS1","m3.MC.pLNA-Ctrl.CS1.1","m3.MC.pLNA-Ctrl.CS1.1.Mean1",-1.77370077261395,0.179354811534203
"10","Day37","m2","pLNA-1229_MA","MA","pLNA-1229","m2.MA.pLNA-1229.CS2","m2.MA.pLNA-1229.CS2.1","m2.MA.pLNA-1229.CS2.1.Mean1",-1.55189979751701,0.213406794977999
"11","Day37","m3","pLNA-1229_MA","MA","pLNA-1229","m3.MA.pLNA-1229.CS2","m3.MA.pLNA-1229.CS2.1","m3.MA.pLNA-1229.CS2.1.Mean1",-0.990185632664029,0.386139195668953
"12","Day37","m3","pLNA-Ctrl_MC","MC","pLNA-Ctrl","m3.MC.pLNA-Ctrl.CS2","m3.MC.pLNA-Ctrl.CS2.1","m3.MC.pLNA-Ctrl.CS2.1.Mean1",-2.28769684272973,0.10368818440922
"13","Day37","m1","pLNA-1229_MA","MA","pLNA-1229","m1.MA.pLNA-1229.CS1","m1.MA.pLNA-1229.CS1.2","m1.MA.pLNA-1229.CS1.2.Mean1",-1.51929218444384,0.22253404293763
"14","Day37","m1","pLNA-1229_MC","MC","pLNA-1229","m1.MC.pLNA-1229.CS1","m1.MC.pLNA-1229.CS1.2","m1.MC.pLNA-1229.CS1.2.Mean1",-1.21777435848859,0.300615330058578
"15","Day37","m2","pLNA-1229_MC","MC","pLNA-1229","m2.MC.pLNA-1229.CS1","m2.MC.pLNA-1229.CS1.2","m2.MC.pLNA-1229.CS1.2.Mean1",-2.26193469973644,0.104148793068751
"16","Day37","m3","pLNA-1229_MC","MC","pLNA-1229","m3.MC.pLNA-1229.CS1","m3.MC.pLNA-1229.CS1.2","m3.MC.pLNA-1229.CS1.2.Mean1",-0.718320722002904,0.49175559496964
"17","Day37","m2","pLNA-Ctrl_MA","MA","pLNA-Ctrl","m2.MA.pLNA-Ctrl.CS1","m2.MA.pLNA-Ctrl.CS1.2","m2.MA.pLNA-Ctrl.CS1.2.Mean1",-0.948476070596199,0.391496992920609
"18","Day37","m3","pLNA-Ctrl_MA","MA","pLNA-Ctrl","m3.MA.pLNA-Ctrl.CS1","m3.MA.pLNA-Ctrl.CS1.2","m3.MA.pLNA-Ctrl.CS1.2.Mean1",-2.29949309836583,0.102210500484061
"19","Day37","m1","pLNA-Ctrl_MC","MC","pLNA-Ctrl","m1.MC.pLNA-Ctrl.CS1","m1.MC.pLNA-Ctrl.CS1.2","m1.MC.pLNA-Ctrl.CS1.2.Mean1",-2.25376243701453,0.108936369307548
"20","Day37","m2","pLNA-Ctrl_MC","MC","pLNA-Ctrl","m2.MC.pLNA-Ctrl.CS1","m2.MC.pLNA-Ctrl.CS1.2","m2.MC.pLNA-Ctrl.CS1.2.Mean1",-2.13345171212268,0.121528540065862
"21","Day37","m3","pLNA-Ctrl_MC","MC","pLNA-Ctrl","m3.MC.pLNA-Ctrl.CS1","m3.MC.pLNA-Ctrl.CS1.2","m3.MC.pLNA-Ctrl.CS1.2.Mean1",-2.28214833924363,0.107734774824563
"22","Day37","m2","pLNA-1229_MA","MA","pLNA-1229","m2.MA.pLNA-1229.CS2","m2.MA.pLNA-1229.CS2.2","m2.MA.pLNA-1229.CS2.2.Mean1",-2.4068935746675,0.0909651464244803
"23","Day37","m2","pLNA-1229_MC","MC","pLNA-1229","m2.MC.pLNA-1229.CS2","m2.MC.pLNA-1229.CS2.2","m2.MC.pLNA-1229.CS2.2.Mean1",-1.57521887678033,0.220364392436419
"24","Day37","m3","pLNA-1229_MC","MC","pLNA-1229","m3.MC.pLNA-1229.CS2","m3.MC.pLNA-1229.CS2.2","m3.MC.pLNA-1229.CS2.2.Mean1",-2.21264389235995,0.110446877512968
"25","Day37","m2","pLNA-Ctrl_MA","MA","pLNA-Ctrl","m2.MA.pLNA-Ctrl.CS2","m2.MA.pLNA-Ctrl.CS2.2","m2.MA.pLNA-Ctrl.CS2.2.Mean1",-1.77570004750677,0.173334786810286
"26","Day37","m3","pLNA-Ctrl_MA","MA","pLNA-Ctrl","m3.MA.pLNA-Ctrl.CS2","m3.MA.pLNA-Ctrl.CS2.2","m3.MA.pLNA-Ctrl.CS2.2.Mean1",-2.09951755213026,0.125611772404493
"27","Day37","m2","pLNA-Ctrl_MC","MC","pLNA-Ctrl","m2.MC.pLNA-Ctrl.CS2","m2.MC.pLNA-Ctrl.CS2.2","m2.MC.pLNA-Ctrl.CS2.2.Mean1",-1.69630092785814,0.191122136001922
"28","Day37","m1","pLNA-1229_MA","MA","pLNA-1229","m1.MA.pLNA-1229.CS1","m1.MA.pLNA-1229.CS1.3","m1.MA.pLNA-1229.CS1.3.Mean1",-1.41320634358011,0.246275845100118
"29","Day37","m3","pLNA-1229_MA","MA","pLNA-1229","m3.MA.pLNA-1229.CS1","m3.MA.pLNA-1229.CS1.3","m3.MA.pLNA-1229.CS1.3.Mean1",-1.74690297763496,0.176796035101644
"30","Day37","m1","pLNA-1229_MC","MC","pLNA-1229","m1.MC.pLNA-1229.CS1","m1.MC.pLNA-1229.CS1.3","m1.MC.pLNA-1229.CS1.3.Mean1",-0.953715879531967,0.388193585724218
"31","Day37","m3","pLNA-1229_MC","MC","pLNA-1229","m3.MC.pLNA-1229.CS1","m3.MC.pLNA-1229.CS1.3","m3.MC.pLNA-1229.CS1.3.Mean1",-2.27588576358204,0.10788062001719
"32","Day37","m2","pLNA-Ctrl_MA","MA","pLNA-Ctrl","m2.MA.pLNA-Ctrl.CS1","m2.MA.pLNA-Ctrl.CS1.3","m2.MA.pLNA-Ctrl.CS1.3.Mean1",-1.75272527532019,0.175580194046835
"33","Day37","m3","pLNA-Ctrl_MA","MA","pLNA-Ctrl","m3.MA.pLNA-Ctrl.CS1","m3.MA.pLNA-Ctrl.CS1.3","m3.MA.pLNA-Ctrl.CS1.3.Mean1",-2.33887318937484,0.0967053439200509
"34","Day37","m1","pLNA-Ctrl_MC","MC","pLNA-Ctrl","m1.MC.pLNA-Ctrl.CS1","m1.MC.pLNA-Ctrl.CS1.3","m1.MC.pLNA-Ctrl.CS1.3.Mean1",-0.89331487585134,0.410846768052564
"35","Day37","m2","pLNA-Ctrl_MC","MC","pLNA-Ctrl","m2.MC.pLNA-Ctrl.CS1","m2.MC.pLNA-Ctrl.CS1.3","m2.MC.pLNA-Ctrl.CS1.3.Mean1",-0.977587391745605,0.378763560834936
"36","Day37","m2","pLNA-1229_MA","MA","pLNA-1229","m2.MA.pLNA-1229.CS2","m2.MA.pLNA-1229.CS2.3","m2.MA.pLNA-1229.CS2.3.Mean1",-0.516974316943251,0.597672379950361
"37","Day37","m3","pLNA-1229_MA","MA","pLNA-1229","m3.MA.pLNA-1229.CS2","m3.MA.pLNA-1229.CS2.3","m3.MA.pLNA-1229.CS2.3.Mean1",-0.942387380914715,0.393312213877735
"38","Day37","m2","pLNA-1229_MC","MC","pLNA-1229","m2.MC.pLNA-1229.CS2","m2.MC.pLNA-1229.CS2.3","m2.MC.pLNA-1229.CS2.3.Mean1",-2.51130412163903,0.0811623246492986
"39","Day37","m2","pLNA-Ctrl_MA","MA","pLNA-Ctrl","m2.MA.pLNA-Ctrl.CS2","m2.MA.pLNA-Ctrl.CS2.3","m2.MA.pLNA-Ctrl.CS2.3.Mean1",-2.21161829565572,0.110980313805536
"40","Day37","m2","pLNA-Ctrl_MC","MC","pLNA-Ctrl","m2.MC.pLNA-Ctrl.CS2","m2.MC.pLNA-Ctrl.CS2.3","m2.MC.pLNA-Ctrl.CS2.3.Mean1",-2.10319879736144,0.125841215589646
"41","Day37","m1","pLNA-1229_MA","MA","pLNA-1229","m1.MA.pLNA-1229.CS1","m1.MA.pLNA-1229.CS1.4","m1.MA.pLNA-1229.CS1.4.Mean1",-2.42285186535227,0.0889667637638209
"42","Day37","m2","pLNA-1229_MA","MA","pLNA-1229","m2.MA.pLNA-1229.CS1","m2.MA.pLNA-1229.CS1.4","m2.MA.pLNA-1229.CS1.4.Mean1",-1.28583218033158,0.291383503561416
"43","Day37","m3","pLNA-1229_MA","MA","pLNA-1229","m3.MA.pLNA-1229.CS1","m3.MA.pLNA-1229.CS1.4","m3.MA.pLNA-1229.CS1.4.Mean1",-2.32416556394685,0.0984665072659827
"44","Day37","m1","pLNA-1229_MC","MC","pLNA-1229","m1.MC.pLNA-1229.CS1","m1.MC.pLNA-1229.CS1.4","m1.MC.pLNA-1229.CS1.4.Mean1",-0.913442536297139,0.40527008059604
"45","Day37","m3","pLNA-1229_MC","MC","pLNA-1229","m3.MC.pLNA-1229.CS1","m3.MC.pLNA-1229.CS1.4","m3.MC.pLNA-1229.CS1.4.Mean1",-1.66451318119594,0.194199827167606
"46","Day37","m1","pLNA-Ctrl_MA","MA","pLNA-Ctrl","m1.MA.pLNA-Ctrl.CS1","m1.MA.pLNA-Ctrl.CS1.4","m1.MA.pLNA-Ctrl.CS1.4.Mean1",-0.719315769390563,0.490471664863278
"47","Day37","m2","pLNA-Ctrl_MA","MA","pLNA-Ctrl","m2.MA.pLNA-Ctrl.CS1","m2.MA.pLNA-Ctrl.CS1.4","m2.MA.pLNA-Ctrl.CS1.4.Mean1",-1.83541372565205,0.164452323546872
"48","Day37","m1","pLNA-Ctrl_MC","MC","pLNA-Ctrl","m1.MC.pLNA-Ctrl.CS1","m1.MC.pLNA-Ctrl.CS1.4","m1.MC.pLNA-Ctrl.CS1.4.Mean1",-1.17560460090895,0.315938024856468
"49","Day37","m2","pLNA-Ctrl_MC","MC","pLNA-Ctrl","m2.MC.pLNA-Ctrl.CS1","m2.MC.pLNA-Ctrl.CS1.4","m2.MC.pLNA-Ctrl.CS1.4.Mean1",-2.27831583298733,0.103170395080412
"50","Day37","m2","pLNA-1229_MA","MA","pLNA-1229","m2.MA.pLNA-1229.CS2","m2.MA.pLNA-1229.CS2.4","m2.MA.pLNA-1229.CS2.4.Mean1",-1.94886313690241,0.143593122322308
"51","Day37","m3","pLNA-1229_MA","MA","pLNA-1229","m3.MA.pLNA-1229.CS2","m3.MA.pLNA-1229.CS2.4","m3.MA.pLNA-1229.CS2.4.Mean1",-1.31696429837701,0.386535037622168
"52","Day37","m2","pLNA-1229_MC","MC","pLNA-1229","m2.MC.pLNA-1229.CS2","m2.MC.pLNA-1229.CS2.4","m2.MC.pLNA-1229.CS2.4.Mean1",-2.18233492417888,0.113067970575738
"53","Day37","m3","pLNA-1229_MC","MC","pLNA-1229","m3.MC.pLNA-1229.CS2","m3.MC.pLNA-1229.CS2.4","m3.MC.pLNA-1229.CS2.4.Mean1",-1.46305777833317,0.236783822717549
"54","Day37","m3","pLNA-Ctrl_MA","MA","pLNA-Ctrl","m3.MA.pLNA-Ctrl.CS2","m3.MA.pLNA-Ctrl.CS2.4","m3.MA.pLNA-Ctrl.CS2.4.Mean1",-2.44302518741467,0.0875620509974409
"55","Day37","m3","pLNA-Ctrl_MC","MC","pLNA-Ctrl","m3.MC.pLNA-Ctrl.CS2","m3.MC.pLNA-Ctrl.CS2.4","m3.MC.pLNA-Ctrl.CS2.4.Mean1",-2.00665666666823,0.139964584249104
"56","Day37","m1","pLNA-1229_MA","MA","pLNA-1229","m1.MA.pLNA-1229.CS1","m1.MA.pLNA-1229.CS1.5","m1.MA.pLNA-1229.CS1.5.Mean1",-0.923505472082854,0.400136315044111
"57","Day37","m2","pLNA-1229_MA","MA","pLNA-1229","m2.MA.pLNA-1229.CS1","m2.MA.pLNA-1229.CS1.5","m2.MA.pLNA-1229.CS1.5.Mean1",-1.86953779531615,0.172817974019103
"58","Day37","m3","pLNA-1229_MA","MA","pLNA-1229","m3.MA.pLNA-1229.CS1","m3.MA.pLNA-1229.CS1.5","m3.MA.pLNA-1229.CS1.5.Mean1",-1.80849726722674,0.168623336358137
"59","Day37","m2","pLNA-1229_MC","MC","pLNA-1229","m2.MC.pLNA-1229.CS1","m2.MC.pLNA-1229.CS1.5","m2.MC.pLNA-1229.CS1.5.Mean1",-2.43997397509713,0.0871631198441914
"60","Day37","m3","pLNA-1229_MC","MC","pLNA-1229","m3.MC.pLNA-1229.CS1","m3.MC.pLNA-1229.CS1.5","m3.MC.pLNA-1229.CS1.5.Mean1",-1.30374287501949,0.293417264431757
"61","Day37","m1","pLNA-Ctrl_MA","MA","pLNA-Ctrl","m1.MA.pLNA-Ctrl.CS1","m1.MA.pLNA-Ctrl.CS1.5","m1.MA.pLNA-Ctrl.CS1.5.Mean1",-0.876673793080657,0.422689261782134
"62","Day37","m2","pLNA-Ctrl_MA","MA","pLNA-Ctrl","m2.MA.pLNA-Ctrl.CS1","m2.MA.pLNA-Ctrl.CS1.5","m2.MA.pLNA-Ctrl.CS1.5.Mean1",-1.47197383776137,0.234274835930064
"63","Day37","m1","pLNA-Ctrl_MC","MC","pLNA-Ctrl","m1.MC.pLNA-Ctrl.CS1","m1.MC.pLNA-Ctrl.CS1.5","m1.MC.pLNA-Ctrl.CS1.5.Mean1",-0.985023758759387,0.382082804033296
"64","Day37","m2","pLNA-Ctrl_MC","MC","pLNA-Ctrl","m2.MC.pLNA-Ctrl.CS1","m2.MC.pLNA-Ctrl.CS1.5","m2.MC.pLNA-Ctrl.CS1.5.Mean1",-2.06990988980885,0.127692790514414
"65","Day37","m2","pLNA-1229_MA","MA","pLNA-1229","m2.MA.pLNA-1229.CS2","m2.MA.pLNA-1229.CS2.5","m2.MA.pLNA-1229.CS2.5.Mean1",-2.15313862266968,0.120160866437977
"66","Day37","m2","pLNA-1229_MC","MC","pLNA-1229","m2.MC.pLNA-1229.CS2","m2.MC.pLNA-1229.CS2.5","m2.MC.pLNA-1229.CS2.5.Mean1",-1.95394066434751,0.143227834877173
"67","Day37","m3","pLNA-1229_MC","MC","pLNA-1229","m3.MC.pLNA-1229.CS2","m3.MC.pLNA-1229.CS2.5","m3.MC.pLNA-1229.CS2.5.Mean1",-2.0350646696174,0.132461702952552
"68","Day37","m2","pLNA-Ctrl_MA","MA","pLNA-Ctrl","m2.MA.pLNA-Ctrl.CS2","m2.MA.pLNA-Ctrl.CS2.5","m2.MA.pLNA-Ctrl.CS2.5.Mean1",-1.80072633946388,0.167123862532026
"69","Day37","m3","pLNA-Ctrl_MA","MA","pLNA-Ctrl","m3.MA.pLNA-Ctrl.CS2","m3.MA.pLNA-Ctrl.CS2.5","m3.MA.pLNA-Ctrl.CS2.5.Mean1",-1.72959712611072,0.185507710391046
"70","Day37","m2","pLNA-Ctrl_MC","MC","pLNA-Ctrl","m2.MC.pLNA-Ctrl.CS2","m2.MC.pLNA-Ctrl.CS2.5","m2.MC.pLNA-Ctrl.CS2.5.Mean1",-1.74248990344418,0.182853191293569
"71","Day37","m3","pLNA-Ctrl_MC","MC","pLNA-Ctrl","m3.MC.pLNA-Ctrl.CS2","m3.MC.pLNA-Ctrl.CS2.5","m3.MC.pLNA-Ctrl.CS2.5.Mean1",-1.44390118569198,0.249898345201113
"72","Day37","m1","pLNA-1229_MA","MA","pLNA-1229","m1.MA.pLNA-1229.CS1","m1.MA.pLNA-1229.CS1.1","m1.MA.pLNA-1229.CS1.1.Mean2",-2.30175420064088,0.101063023618069
"73","Day37","m3","pLNA-1229_MA","MA","pLNA-1229","m3.MA.pLNA-1229.CS1","m3.MA.pLNA-1229.CS1.1","m3.MA.pLNA-1229.CS1.1.Mean2",-1.48020396757462,0.233461558373363
"74","Day37","m2","pLNA-Ctrl_MA","MA","pLNA-Ctrl","m2.MA.pLNA-Ctrl.CS1","m2.MA.pLNA-Ctrl.CS1.1","m2.MA.pLNA-Ctrl.CS1.1.Mean2",-2.20849675388943,0.113793730905887
"75","Day37","m1","pLNA-Ctrl_MC","MC","pLNA-Ctrl","m1.MC.pLNA-Ctrl.CS1","m1.MC.pLNA-Ctrl.CS1.1","m1.MC.pLNA-Ctrl.CS1.1.Mean2",-0.582563736827364,0.565441841212021
"76","Day37","m2","pLNA-Ctrl_MC","MC","pLNA-Ctrl","m2.MC.pLNA-Ctrl.CS1","m2.MC.pLNA-Ctrl.CS1.1","m2.MC.pLNA-Ctrl.CS1.1.Mean2",-2.0259782065071,0.136121780276782
"77","Day37","m3","pLNA-1229_MA","MA","pLNA-1229","m3.MA.pLNA-1229.CS2","m3.MA.pLNA-1229.CS2.1","m3.MA.pLNA-1229.CS2.1.Mean2",-2.10370148073001,0.125253012656152
"78","Day37","m2","pLNA-1229_MC","MC","pLNA-1229","m2.MC.pLNA-1229.CS2","m2.MC.pLNA-1229.CS2.1","m2.MC.pLNA-1229.CS2.1.Mean2",-1.90826442327803,0.148827608059496
"79","Day37","m2","pLNA-Ctrl_MA","MA","pLNA-Ctrl","m2.MA.pLNA-Ctrl.CS2","m2.MA.pLNA-Ctrl.CS2.1","m2.MA.pLNA-Ctrl.CS2.1.Mean2",-1.75726034086606,0.175420630552717
"80","Day37","m3","pLNA-Ctrl_MA","MA","pLNA-Ctrl","m3.MA.pLNA-Ctrl.CS2","m3.MA.pLNA-Ctrl.CS2.1","m3.MA.pLNA-Ctrl.CS2.1.Mean2",-2.19062417800138,0.114715212495227
"81","Day37","m3","pLNA-Ctrl_MC","MC","pLNA-Ctrl","m3.MC.pLNA-Ctrl.CS2","m3.MC.pLNA-Ctrl.CS2.1","m3.MC.pLNA-Ctrl.CS2.1.Mean2",-2.11347811780805,0.123105890231591
"82","Day37","m1","pLNA-1229_MA","MA","pLNA-1229","m1.MA.pLNA-1229.CS1","m1.MA.pLNA-1229.CS1.2","m1.MA.pLNA-1229.CS1.2.Mean2",-2.00511839921993,0.137995702570835
"83","Day37","m1","pLNA-1229_MC","MC","pLNA-1229","m1.MC.pLNA-1229.CS1","m1.MC.pLNA-1229.CS1.2","m1.MC.pLNA-1229.CS1.2.Mean2",-1.18483116398874,0.313962171887499
"84","Day37","m1","pLNA-Ctrl_MA","MA","pLNA-Ctrl","m1.MA.pLNA-Ctrl.CS1","m1.MA.pLNA-Ctrl.CS1.2","m1.MA.pLNA-Ctrl.CS1.2.Mean2",-1.03882340984293,0.360593608896008
"85","Day37","m2","pLNA-Ctrl_MA","MA","pLNA-Ctrl","m2.MA.pLNA-Ctrl.CS1","m2.MA.pLNA-Ctrl.CS1.2","m2.MA.pLNA-Ctrl.CS1.2.Mean2",-1.69620819760523,0.186240308340223
"86","Day37","m3","pLNA-Ctrl_MA","MA","pLNA-Ctrl","m3.MA.pLNA-Ctrl.CS1","m3.MA.pLNA-Ctrl.CS1.2","m3.MA.pLNA-Ctrl.CS1.2.Mean2",-2.10497588102305,0.12476802765931
"87","Day37","m1","pLNA-Ctrl_MC","MC","pLNA-Ctrl","m1.MC.pLNA-Ctrl.CS1","m1.MC.pLNA-Ctrl.CS1.2","m1.MC.pLNA-Ctrl.CS1.2.Mean2",-0.808034678698893,0.4588058599885
"88","Day37","m2","pLNA-1229_MA","MA","pLNA-1229","m2.MA.pLNA-1229.CS2","m2.MA.pLNA-1229.CS2.2","m2.MA.pLNA-1229.CS2.2.Mean2",-1.78677174619721,0.170270935573584
"89","Day37","m2","pLNA-1229_MC","MC","pLNA-1229","m2.MC.pLNA-1229.CS2","m2.MC.pLNA-1229.CS2.2","m2.MC.pLNA-1229.CS2.2.Mean2",-1.29535151732303,0.279172464913324
"90","Day37","m3","pLNA-1229_MC","MC","pLNA-1229","m3.MC.pLNA-1229.CS2","m3.MC.pLNA-1229.CS2.2","m3.MC.pLNA-1229.CS2.2.Mean2",-2.50669814074673,0.0816549179976265
"91","Day37","m2","pLNA-Ctrl_MA","MA","pLNA-Ctrl","m2.MA.pLNA-Ctrl.CS2","m2.MA.pLNA-Ctrl.CS2.2","m2.MA.pLNA-Ctrl.CS2.2.Mean2",-2.19334690913673,0.112538996870912
"92","Day37","m3","pLNA-Ctrl_MA","MA","pLNA-Ctrl","m3.MA.pLNA-Ctrl.CS2","m3.MA.pLNA-Ctrl.CS2.2","m3.MA.pLNA-Ctrl.CS2.2.Mean2",-2.49950630178555,0.0822768799967057
"93","Day37","m1","pLNA-1229_MA","MA","pLNA-1229","m1.MA.pLNA-1229.CS1","m1.MA.pLNA-1229.CS1.3","m1.MA.pLNA-1229.CS1.3.Mean2",-1.89970218455574,0.152491324514688
"94","Day37","m3","pLNA-1229_MA","MA","pLNA-1229","m3.MA.pLNA-1229.CS1","m3.MA.pLNA-1229.CS1.3","m3.MA.pLNA-1229.CS1.3.Mean2",-2.20696735238801,0.113656543504978
"95","Day37","m1","pLNA-1229_MC","MC","pLNA-1229","m1.MC.pLNA-1229.CS1","m1.MC.pLNA-1229.CS1.3","m1.MC.pLNA-1229.CS1.3.Mean2",-1.00775382986308,0.378420136906242
"96","Day37","m3","pLNA-1229_MC","MC","pLNA-1229","m3.MC.pLNA-1229.CS1","m3.MC.pLNA-1229.CS1.3","m3.MC.pLNA-1229.CS1.3.Mean2",-0.456179558744417,0.638383064524843
"97","Day37","m1","pLNA-Ctrl_MA","MA","pLNA-Ctrl","m1.MA.pLNA-Ctrl.CS1","m1.MA.pLNA-Ctrl.CS1.3","m1.MA.pLNA-Ctrl.CS1.3.Mean2",-0.583277305070751,0.564066642230136
"98","Day37","m2","pLNA-Ctrl_MA","MA","pLNA-Ctrl","m2.MA.pLNA-Ctrl.CS1","m2.MA.pLNA-Ctrl.CS1.3","m2.MA.pLNA-Ctrl.CS1.3.Mean2",-2.13917660280957,0.120223090351536
"99","Day37","m3","pLNA-Ctrl_MA","MA","pLNA-Ctrl","m3.MA.pLNA-Ctrl.CS1","m3.MA.pLNA-Ctrl.CS1.3","m3.MA.pLNA-Ctrl.CS1.3.Mean2",-1.44251507991323,0.242514415009673
"100","Day37","m3","pLNA-1229_MA","MA","pLNA-1229","m3.MA.pLNA-1229.CS2","m3.MA.pLNA-1229.CS2.3","m3.MA.pLNA-1229.CS2.3.Mean2",-1.68194420981763,0.189001305203567
"101","Day37","m2","pLNA-Ctrl_MA","MA","pLNA-Ctrl","m2.MA.pLNA-Ctrl.CS2","m2.MA.pLNA-Ctrl.CS2.3","m2.MA.pLNA-Ctrl.CS2.3.Mean2",-2.44000131254301,0.087890442737153
"102","Day37","m1","pLNA-1229_MA","MA","pLNA-1229","m1.MA.pLNA-1229.CS1","m1.MA.pLNA-1229.CS1.4","m1.MA.pLNA-1229.CS1.4.Mean2",-2.01088553939149,0.136155500637853
"103","Day37","m2","pLNA-1229_MA","MA","pLNA-1229","m2.MA.pLNA-1229.CS1","m2.MA.pLNA-1229.CS1.4","m2.MA.pLNA-1229.CS1.4.Mean2",-1.77927476630489,0.17000169618696
"104","Day37","m3","pLNA-1229_MC","MC","pLNA-1229","m3.MC.pLNA-1229.CS1","m3.MC.pLNA-1229.CS1.4","m3.MC.pLNA-1229.CS1.4.Mean2",-0.96392462078749,0.39511455380453
"105","Day37","m2","pLNA-Ctrl_MC","MC","pLNA-Ctrl","m2.MC.pLNA-Ctrl.CS1","m2.MC.pLNA-Ctrl.CS1.4","m2.MC.pLNA-Ctrl.CS1.4.Mean2",-1.89817652781651,0.153603130572617
"106","Day37","m2","pLNA-1229_MA","MA","pLNA-1229","m2.MA.pLNA-1229.CS2","m2.MA.pLNA-1229.CS2.4","m2.MA.pLNA-1229.CS2.4.Mean2",-1.15241918782613,0.325125392691026
"107","Day37","m3","pLNA-1229_MA","MA","pLNA-1229","m3.MA.pLNA-1229.CS2","m3.MA.pLNA-1229.CS2.4","m3.MA.pLNA-1229.CS2.4.Mean2",-1.40143501332176,0.259020776329528
"108","Day37","m3","pLNA-1229_MC","MC","pLNA-1229","m3.MC.pLNA-1229.CS2","m3.MC.pLNA-1229.CS2.4","m3.MC.pLNA-1229.CS2.4.Mean2",-1.13976029350223,0.325819367866723
"109","Day37","m2","pLNA-Ctrl_MA","MA","pLNA-Ctrl","m2.MA.pLNA-Ctrl.CS2","m2.MA.pLNA-Ctrl.CS2.4","m2.MA.pLNA-Ctrl.CS2.4.Mean2",-2.50904160717886,0.081575436120239
"110","Day37","m3","pLNA-Ctrl_MA","MA","pLNA-Ctrl","m3.MA.pLNA-Ctrl.CS2","m3.MA.pLNA-Ctrl.CS2.4","m3.MA.pLNA-Ctrl.CS2.4.Mean2",-1.9821881684816,0.143225301006102
"111","Day37","m1","pLNA-1229_MA","MA","pLNA-1229","m1.MA.pLNA-1229.CS1","m1.MA.pLNA-1229.CS1.5","m1.MA.pLNA-1229.CS1.5.Mean2",-1.60696792172368,0.201422794789695
"112","Day37","m1","pLNA-Ctrl_MA","MA","pLNA-Ctrl","m1.MA.pLNA-Ctrl.CS1","m1.MA.pLNA-Ctrl.CS1.5","m1.MA.pLNA-Ctrl.CS1.5.Mean2",-1.35017788031945,0.264208543419652
"113","Day37","m2","pLNA-Ctrl_MA","MA","pLNA-Ctrl","m2.MA.pLNA-Ctrl.CS1","m2.MA.pLNA-Ctrl.CS1.5","m2.MA.pLNA-Ctrl.CS1.5.Mean2",-0.570463328901045,0.56986660547775
"114","Day37","m1","pLNA-Ctrl_MC","MC","pLNA-Ctrl","m1.MC.pLNA-Ctrl.CS1","m1.MC.pLNA-Ctrl.CS1.5","m1.MC.pLNA-Ctrl.CS1.5.Mean2",-2.24258190350108,0.111473218952053
"115","Day37","m3","pLNA-Ctrl_MC","MC","pLNA-Ctrl","m3.MC.pLNA-Ctrl.CS1","m3.MC.pLNA-Ctrl.CS1.5","m3.MC.pLNA-Ctrl.CS1.5.Mean2",-1.8564329890213,0.16167061653536
"116","Day37","m3","pLNA-1229_MA","MA","pLNA-1229","m3.MA.pLNA-1229.CS2","m3.MA.pLNA-1229.CS2.5","m3.MA.pLNA-1229.CS2.5.Mean2",-0.902689316769507,0.414439430090251
"117","Day37","m2","pLNA-1229_MC","MC","pLNA-1229","m2.MC.pLNA-1229.CS2","m2.MC.pLNA-1229.CS2.5","m2.MC.pLNA-1229.CS2.5.Mean2",-1.14774841284107,0.32301375127404
"118","Day37","m3","pLNA-1229_MC","MC","pLNA-1229","m3.MC.pLNA-1229.CS2","m3.MC.pLNA-1229.CS2.5","m3.MC.pLNA-1229.CS2.5.Mean2",-1.52789342167086,0.21856089169573
"119","Day37","m3","pLNA-Ctrl_MA","MA","pLNA-Ctrl","m3.MA.pLNA-Ctrl.CS2","m3.MA.pLNA-Ctrl.CS2.5","m3.MA.pLNA-Ctrl.CS2.5.Mean2",-2.24829262111152,0.107970939310559
"120","Day37","m1","pLNA-1229_MA","MA","pLNA-1229","m1.MA.pLNA-1229.CS1","m1.MA.pLNA-1229.CS1.1","m1.MA.pLNA-1229.CS1.1.Mean3",-1.11867542254687,0.351634543800149
"121","Day37","m2","pLNA-1229_MA","MA","pLNA-1229","m2.MA.pLNA-1229.CS1","m2.MA.pLNA-1229.CS1.1","m2.MA.pLNA-1229.CS1.1.Mean3",-2.4639507214378,0.0850980871407207
"122","Day37","m3","pLNA-1229_MA","MA","pLNA-1229","m3.MA.pLNA-1229.CS1","m3.MA.pLNA-1229.CS1.1","m3.MA.pLNA-1229.CS1.1.Mean3",-2.40836124387022,0.0911271771278342
"123","Day37","m1","pLNA-1229_MC","MC","pLNA-1229","m1.MC.pLNA-1229.CS1","m1.MC.pLNA-1229.CS1.1","m1.MC.pLNA-1229.CS1.1.Mean3",-1.12498683339131,0.330962656190531
"124","Day37","m3","pLNA-Ctrl_MC","MC","pLNA-Ctrl","m3.MC.pLNA-Ctrl.CS1","m3.MC.pLNA-Ctrl.CS1.1","m3.MC.pLNA-Ctrl.CS1.1.Mean3",-2.36518958019168,0.0950401567091087
"125","Day37","m3","pLNA-Ctrl_MA","MA","pLNA-Ctrl","m3.MA.pLNA-Ctrl.CS2","m3.MA.pLNA-Ctrl.CS2.1","m3.MA.pLNA-Ctrl.CS2.1.Mean3",-2.49020317142852,0.0831685956133815
"126","Day37","m1","pLNA-1229_MA","MA","pLNA-1229","m1.MA.pLNA-1229.CS1","m1.MA.pLNA-1229.CS1.2","m1.MA.pLNA-1229.CS1.2.Mean3",-1.46339619118611,0.234319581074751
"127","Day37","m2","pLNA-1229_MA","MA","pLNA-1229","m2.MA.pLNA-1229.CS1","m2.MA.pLNA-1229.CS1.2","m2.MA.pLNA-1229.CS1.2.Mean3",-2.18247412543491,0.114643558390284
"128","Day37","m1","pLNA-1229_MC","MC","pLNA-1229","m1.MC.pLNA-1229.CS1","m1.MC.pLNA-1229.CS1.2","m1.MC.pLNA-1229.CS1.2.Mean3",-1.09780973453155,0.335890029312982
"129","Day37","m1","pLNA-Ctrl_MA","MA","pLNA-Ctrl","m1.MA.pLNA-Ctrl.CS1","m1.MA.pLNA-Ctrl.CS1.2","m1.MA.pLNA-Ctrl.CS1.2.Mean3",-0.794275922642502,0.455611173866285
"130","Day37","m3","pLNA-Ctrl_MA","MA","pLNA-Ctrl","m3.MA.pLNA-Ctrl.CS1","m3.MA.pLNA-Ctrl.CS1.2","m3.MA.pLNA-Ctrl.CS1.2.Mean3",-1.68546779330616,0.193195193432959
"131","Day37","m2","pLNA-1229_MA","MA","pLNA-1229","m2.MA.pLNA-1229.CS2","m2.MA.pLNA-1229.CS2.2","m2.MA.pLNA-1229.CS2.2.Mean3",-1.76972488419384,0.172645245793385
"132","Day37","m2","pLNA-1229_MC","MC","pLNA-1229","m2.MC.pLNA-1229.CS2","m2.MC.pLNA-1229.CS2.2","m2.MC.pLNA-1229.CS2.2.Mean3",-1.72190231955724,0.183300402346212
"133","Day37","m3","pLNA-1229_MA","MA","pLNA-1229","m3.MA.pLNA-1229.CS2","m3.MA.pLNA-1229.CS2.3","m3.MA.pLNA-1229.CS2.3.Mean3",-1.49287249433543,0.228936206862199
"134","Day37","m2","pLNA-1229_MC","MC","pLNA-1229","m2.MC.pLNA-1229.CS2","m2.MC.pLNA-1229.CS2.3","m2.MC.pLNA-1229.CS2.3.Mean3",-2.1551889961038,0.118643907959261
"135","Day37","m3","pLNA-Ctrl_MA","MA","pLNA-Ctrl","m3.MA.pLNA-Ctrl.CS2","m3.MA.pLNA-Ctrl.CS2.3","m3.MA.pLNA-Ctrl.CS2.3.Mean3",-2.10296113409706,0.125070770409673
"136","Day37","m1","pLNA-1229_MA","MA","pLNA-1229","m1.MA.pLNA-1229.CS1","m1.MA.pLNA-1229.CS1.4","m1.MA.pLNA-1229.CS1.4.Mean3",-2.27896318812316,0.104032008201227
"137","Day37","m2","pLNA-1229_MA","MA","pLNA-1229","m2.MA.pLNA-1229.CS1","m2.MA.pLNA-1229.CS1.4","m2.MA.pLNA-1229.CS1.4.Mean3",-1.02333651744356,0.374139717800866
"138","Day37","m2","pLNA-1229_MC","MC","pLNA-1229","m2.MC.pLNA-1229.CS1","m2.MC.pLNA-1229.CS1.4","m2.MC.pLNA-1229.CS1.4.Mean3",-0.829208380346461,0.437909913602825
"139","Day37","m1","pLNA-Ctrl_MA","MA","pLNA-Ctrl","m1.MA.pLNA-Ctrl.CS1","m1.MA.pLNA-Ctrl.CS1.4","m1.MA.pLNA-Ctrl.CS1.4.Mean3",-2.46984862830775,0.0849596583231303
"140","Day37","m1","pLNA-Ctrl_MC","MC","pLNA-Ctrl","m1.MC.pLNA-Ctrl.CS1","m1.MC.pLNA-Ctrl.CS1.4","m1.MC.pLNA-Ctrl.CS1.4.Mean3",-1.94655559346798,0.144710692924768
"141","Day37","m2","pLNA-Ctrl_MC","MC","pLNA-Ctrl","m2.MC.pLNA-Ctrl.CS1","m2.MC.pLNA-Ctrl.CS1.4","m2.MC.pLNA-Ctrl.CS1.4.Mean3",-1.66450378777122,0.190424823635785
"142","Day37","m3","pLNA-Ctrl_MC","MC","pLNA-Ctrl","m3.MC.pLNA-Ctrl.CS1","m3.MC.pLNA-Ctrl.CS1.4","m3.MC.pLNA-Ctrl.CS1.4.Mean3",-2.35496032610502,0.0955556045377065
"143","Day37","m1","pLNA-1229_MC","MC","pLNA-1229","m1.MC.pLNA-1229.CS1","m1.MC.pLNA-1229.CS1.5","m1.MC.pLNA-1229.CS1.5.Mean3",-0.984552639872458,0.378256855638378
"144","Day37","m2","pLNA-1229_MC","MC","pLNA-1229","m2.MC.pLNA-1229.CS1","m2.MC.pLNA-1229.CS1.5","m2.MC.pLNA-1229.CS1.5.Mean3",-2.33012459548615,0.0972836252338037
"145","Day37","m3","pLNA-Ctrl_MA","MA","pLNA-Ctrl","m3.MA.pLNA-Ctrl.CS1","m3.MA.pLNA-Ctrl.CS1.5","m3.MA.pLNA-Ctrl.CS1.5.Mean3",-2.32519757397436,0.10265444015444
"146","Day37","m3","pLNA-Ctrl_MC","MC","pLNA-Ctrl","m3.MC.pLNA-Ctrl.CS1","m3.MC.pLNA-Ctrl.CS1.5","m3.MC.pLNA-Ctrl.CS1.5.Mean3",-1.87842781517181,0.156475108854867
"147","Day37","m3","pLNA-1229_MA","MA","pLNA-1229","m3.MA.pLNA-1229.CS2","m3.MA.pLNA-1229.CS2.5","m3.MA.pLNA-1229.CS2.5.Mean3",-1.67028653581899,0.189365786363952
"148","Day37","m3","pLNA-Ctrl_MA","MA","pLNA-Ctrl","m3.MA.pLNA-Ctrl.CS1","m3.MA.pLNA-Ctrl.CS1.2","m3.MA.pLNA-Ctrl.CS1.2.Mean4",-1.70062055193461,0.19334298095553
"149","Day37","m2","pLNA-1229_MC","MC","pLNA-1229","m2.MC.pLNA-1229.CS2","m2.MC.pLNA-1229.CS2.3","m2.MC.pLNA-1229.CS2.3.Mean4",-1.84208399583682,0.164600217980972
"150","Day37","m1","pLNA-1229_MA","MA","pLNA-1229","m1.MA.pLNA-1229.CS1","m1.MA.pLNA-1229.CS1.4","m1.MA.pLNA-1229.CS1.4.Mean4",-2.4441422695804,0.0875626304046187
"151","Day37","m1","pLNA-Ctrl_MC","MC","pLNA-Ctrl","m1.MC.pLNA-Ctrl.CS1","m1.MC.pLNA-Ctrl.CS1.4","m1.MC.pLNA-Ctrl.CS1.4.Mean4",-1.71794933699319,0.188298830281268
"152","Day37","m3","pLNA-Ctrl_MC","MC","pLNA-Ctrl","m3.MC.pLNA-Ctrl.CS1","m3.MC.pLNA-Ctrl.CS1.4","m3.MC.pLNA-Ctrl.CS1.4.Mean4",-1.87390962392697,0.159225737030548
"153","Day37","m2","pLNA-Ctrl_MC","MC","pLNA-Ctrl","m2.MC.pLNA-Ctrl.CS1","m2.MC.pLNA-Ctrl.CS1.5","m2.MC.pLNA-Ctrl.CS1.5.Mean4",-2.57732920789481,0.0759766511282538
"154","Day37","m1","pLNA-1229_MA","MA","pLNA-1229","m1.MA.pLNA-1229.CS1","m1.MA.pLNA-1229.CS1.2","m1.MA.pLNA-1229.CS1.2.Mean5",-2.21620642140933,0.112365095204409
"155","Day37","m2","pLNA-1229_MA","MA","pLNA-1229","m2.MA.pLNA-1229.CS1","m2.MA.pLNA-1229.CS1.2","m2.MA.pLNA-1229.CS1.2.Mean5",-2.48170532827948,0.0837631666783101
"156","Day37","m1","pLNA-1229_MA","MA","pLNA-1229","m1.MA.pLNA-1229.CS1","m1.MA.pLNA-1229.CS1.3","m1.MA.pLNA-1229.CS1.3.Mean5",-2.26549917761634,0.106915354615051
"157","Day37","m1","pLNA-Ctrl_MC","MC","pLNA-Ctrl","m1.MC.pLNA-Ctrl.CS1","m1.MC.pLNA-Ctrl.CS1.4","m1.MC.pLNA-Ctrl.CS1.4.Mean5",-1.67228145464956,0.193947260866686
"158","Day37","m1","pLNA-1229_MA","MA","pLNA-1229","m1.MA.pLNA-1229.CS1","m1.MA.pLNA-1229.CS1.2","m1.MA.pLNA-1229.CS1.2.Mean6",-2.50664867897415,0.0816767720291772
