"","props","members","overlap","sites.overlap","enrichment","pvalue","FDR"
"UCUCACC",1.92,"hsa-miR-1229-3p",104,163,0.871,4.9e-12,1.59e-09
"CUCACCA",5.25,"hsa-miR-6511a-3p;hsa-miR-6511b-3p",93,139,0.765,1.35e-08,2.19e-06
"UCACCAC",6.44,"hsa-miR-197-3p",103,160,0.432,0.00027,0.0293
"CUGCCCU",2.79,"hsa-miR-18a-3p",83,177,0.395,0.000413,0.0335
"CUCACAC",9.86,"hsa-miR-342-3p",97,147,0.411,0.000825,0.0447
"CACACUU",3.68,"hsa-miR-216b-3p",80,129,0.389,0.00269,0.125
"GAGAUGA",4.34,"hsa-miR-143-3p;hsa-miR-4770;hsa-miR-6088",81,142,0.339,0.0053,0.215
"CCCACCU",2.38,"hsa-miR-1224-3p",90,175,0.289,0.0074,0.267
"GAGGUAG",3.06,"hsa-let-7a-5p;hsa-let-7b-5p;hsa-let-7c-5p;hsa-let-7d-5p;hsa-let-7e-5p;hsa-let-7f-5p;hsa-let-7g-5p;hsa-let-7i-5p;hsa-miR-4458;hsa-miR-4500;hsa-miR-98-5p",70,94,0.398,0.00823,0.267
"UUUCAGU",16.7,"hsa-miR-30a-3p;hsa-miR-30d-3p;hsa-miR-30e-3p",107,199,0.251,0.0118,0.35
"AUCUGAG",2.06,"hsa-miR-3200-5p",71,109,0.329,0.0159,0.431
"GAGUUGA",2.38,"hsa-miR-219a-1-3p",56,75,0.389,0.0194,0.485
"CAAAGCA",5.32,"hsa-miR-330-3p",96,153,0.243,0.029,0.57
"CUUCACU",2.75,"hsa-miR-6837-3p",73,121,0.271,0.0315,0.57
"UUUUUGC",5.56,"hsa-miR-129-5p",107,232,0.19,0.0318,0.57
"AGCACCA",12.2,"hsa-miR-29a-3p;hsa-miR-29b-3p;hsa-miR-29c-3p",64,97,0.304,0.0319,0.57
"UAGCCAA",2.32,"hsa-miR-4662a-5p",70,107,0.283,0.0345,0.57
"CACAGUG",13.2,"hsa-miR-128-3p;hsa-miR-216a-3p;hsa-miR-3681-3p",98,163,0.221,0.0371,0.57
"CUGUUCU",3.03,"hsa-miR-26b-3p",87,118,0.263,0.0375,0.57
"CAAAACU",2.11,"hsa-miR-1323;hsa-miR-548o-3p",101,179,0.21,0.0376,0.57
"GCAUCCC",2.91,"hsa-miR-324-5p",60,72,0.343,0.0386,0.57
"CCUGUAC",9.68,"hsa-miR-486-5p",51,71,0.331,0.0452,0.634
"UCCCACC",2.29,"hsa-miR-1260a;hsa-miR-1260b",72,149,0.219,0.0468,0.634
"AACCUGG",4.58,"hsa-miR-490-3p",71,102,0.261,0.0516,0.671
"AUCUCAC",1.52,"hsa-miR-1285-5p",64,94,0.261,0.0605,0.73
"UCCCCAG",4.42,"hsa-miR-2355-5p",93,170,0.183,0.0663,0.73
"CCAAUAC",1.7,"hsa-miR-323b-3p",61,75,0.286,0.0673,0.73
"UGCCCUG",6.48,"hsa-miR-874-3p",72,112,0.227,0.0688,0.73
"ACCCUGU",17.1,"hsa-miR-10a-5p;hsa-miR-10b-5p",66,96,0.244,0.0722,0.73
"CUUUGGU",6.29,"hsa-miR-9-5p",77,115,0.22,0.0722,0.73
"UGGGAUC",2.88,"hsa-miR-450b-3p;hsa-miR-769-3p",61,84,0.26,0.0742,0.73
"AAGGUGC",3.58,"hsa-miR-18a-5p;hsa-miR-18b-5p;hsa-miR-4735-3p",59,76,0.268,0.0794,0.741
"CUACAGU",5.9,"hsa-miR-139-5p",62,92,0.238,0.0828,0.742
"ACGCUCA",2.55,"hsa-miR-574-3p",17,18,0.609,0.0845,0.742
"UCCGUUU",4.51,"hsa-miR-1468-5p",23,23,0.516,0.0886,0.758
"UCCGCGC",3.35,"hsa-miR-937-3p",5,7,1.08,0.0914,0.762
"AAGACAU",2.31,"hsa-miR-3617-5p;hsa-miR-641",88,138,0.175,0.102,0.815
"GGGGCGG",4.58,"hsa-miR-3180;hsa-miR-3180-3p;hsa-miR-3196;hsa-miR-6816-5p",34,52,0.301,0.103,0.815
"UCACAUU",10,"hsa-miR-130a-5p;hsa-miR-23a-3p;hsa-miR-23b-3p;hsa-miR-23c",87,160,0.152,0.116,0.889
"AAAGAGC",2.64,"hsa-miR-1276",80,129,0.167,0.122,0.889
"AUGCACC",4.31,"hsa-miR-501-3p;hsa-miR-502-3p",54,68,0.239,0.123,0.889
"AUUCCCU",3.32,"hsa-miR-3938",59,87,0.208,0.123,0.889
"GCGCGGG",1.7,"hsa-miR-2277-5p",11,14,0.609,0.126,0.892
"CUGGCUA",2.65,"hsa-miR-4794;hsa-miR-664a-5p",88,131,0.158,0.135,0.935
"GUCUGCC",3.34,"hsa-miR-346",57,75,0.211,0.141,0.957
"CUACUUC",5.85,"hsa-miR-138-1-3p",58,77,0.201,0.15,0.995
"GGAGAGA",3.04,"hsa-miR-185-5p;hsa-miR-4306;hsa-miR-4644",85,147,0.131,0.167,1
"GGUGGUU",1.54,"hsa-miR-876-3p",62,92,0.169,0.17,1
"UAGACUG",9.01,"hsa-miR-151a-3p",44,60,0.214,0.172,1
"AGCCCUU",6.39,"hsa-miR-129-1-3p;hsa-miR-129-2-3p",58,77,0.175,0.188,1
"CUCACUG",3.81,"hsa-miR-1304-3p",97,185,0.106,0.189,1
"AACACUG",3.38,"hsa-miR-141-3p;hsa-miR-200a-3p",86,133,0.128,0.189,1
"CUCCGUG",4.76,"hsa-miR-3605-3p",21,23,0.356,0.193,1
"ACUGGAU",3.41,"hsa-miR-1243",66,78,0.17,0.194,1
"CGCACUG",5.07,"hsa-miR-106b-3p",14,17,0.426,0.197,1
"AUGGCUU",10.7,"hsa-miR-135a-5p;hsa-miR-135b-5p",71,95,0.149,0.199,1
"CUGAUCC",4.12,"hsa-miR-3151-3p",52,62,0.184,0.209,1
"AACUCUA",2.92,"hsa-miR-618",59,84,0.147,0.222,1
"UGUAGGG",3.88,"hsa-miR-135b-3p",40,56,0.186,0.222,1
"CGGAUGU",4.15,"hsa-miR-105-3p",13,13,0.468,0.222,1
"CAAAUGC",5.38,"hsa-miR-105-5p;hsa-miR-7853-5p",84,144,0.106,0.225,1
"GAGCGCC",4.62,"hsa-miR-339-3p",16,17,0.386,0.227,1
"CCCCACU",4.71,"hsa-miR-4286",73,123,0.114,0.23,1
"UCAGAUC",3.56,"hsa-miR-5100",70,101,0.128,0.23,1
"UCAAGUA",16.4,"hsa-miR-1297;hsa-miR-26a-5p;hsa-miR-26b-5p;hsa-miR-4465",78,125,0.113,0.231,1
"ACUAUAG",2.25,"hsa-miR-625-3p",53,72,0.154,0.233,1
"GACCGAU",2.02,"hsa-miR-29c-5p",10,10,0.536,0.235,1
"GAAGCGC",4.46,"hsa-miR-7706",18,18,0.359,0.238,1
"CAUGGAU",3.33,"hsa-miR-490-5p",55,80,0.142,0.239,1
"CAGUUAC",4.1,"hsa-miR-935",62,88,0.133,0.24,1
"GUGACUG",2.79,"hsa-miR-134-5p;hsa-miR-3118",70,88,0.128,0.25,1
"AACAGUC",9.81,"hsa-miR-132-3p;hsa-miR-212-3p",67,97,0.116,0.261,1
"UCACAGU",12.5,"hsa-miR-27a-3p;hsa-miR-27b-3p",84,144,0.092,0.262,1
"AUAUAAC",4.64,"hsa-miR-410-3p",89,150,0.083,0.28,1
"CAGGUGA",3.07,"hsa-miR-125a-3p",78,116,0.095,0.282,1
"AUGGUUC",3.3,"hsa-miR-218-2-3p",45,67,0.131,0.285,1
"GGGUUUA",2.88,"hsa-miR-629-5p",62,87,0.111,0.286,1
"CUCCAGC",6,"hsa-miR-766-3p",92,197,0.068,0.289,1
"GCGGGGC",6.06,"hsa-miR-744-5p",27,40,0.177,0.29,1
"AACGGAA",10.2,"hsa-miR-191-5p",16,18,0.284,0.306,1
"AAGCUCG",4.45,"hsa-miR-99a-3p;hsa-miR-99b-3p",29,35,0.181,0.307,1
"CGGAUCC",1.69,"hsa-miR-127-3p",8,9,0.45,0.315,1
"GGCAAGA",2.22,"hsa-miR-31-5p",63,97,0.092,0.315,1
"UGGGGAA",1.85,"hsa-miR-2110",83,142,0.072,0.317,1
"CAUUUUU",3.27,"hsa-miR-153-5p",129,295,0.047,0.318,1
"GUCCUCU",2.15,"hsa-miR-3909;hsa-miR-6852-3p",59,83,0.098,0.322,1
"AAGUUCU",4.78,"hsa-miR-148a-5p",70,97,0.088,0.325,1
"AUAUCAG",2.17,"hsa-miR-3074-3p",61,83,0.096,0.325,1
"CAGCACC",3.97,"hsa-miR-3065-3p",70,108,0.077,0.337,1
"GCUGGAG",1.73,"hsa-miR-3135b",100,169,0.059,0.338,1
"AUUGCAC",36.5,"hsa-miR-25-3p;hsa-miR-32-5p;hsa-miR-363-3p;hsa-miR-367-3p;hsa-miR-92a-3p;hsa-miR-92b-3p",67,90,0.086,0.339,1
"CUCUUUC",5.47,"hsa-miR-130b-5p",95,154,0.062,0.339,1
"ACUAGAU",7.98,"hsa-miR-28-3p",43,55,0.117,0.339,1
"GAGAACC",4.2,"hsa-miR-589-5p",70,85,0.086,0.345,1
"GCAGGAC",2.88,"hsa-miR-1286",76,100,0.078,0.345,1
"CUAGUAA",5.13,"hsa-miR-628-3p",45,53,0.116,0.347,1
"UCAAGGA",2.69,"hsa-miR-561-5p",71,102,0.075,0.349,1
"CCAGGAG",1.92,"hsa-miR-665",94,182,0.051,0.356,1
"UAUAAUA",5.6,"hsa-miR-374a-5p;hsa-miR-374b-5p",86,149,0.057,0.358,1
"UCGGGAA",2.76,"hsa-miR-425-3p",17,19,0.217,0.364,1
"AUGACAC",6.16,"hsa-miR-425-5p",65,86,0.073,0.373,1
"CUGACUC",6.18,"hsa-miR-345-5p",60,82,0.075,0.375,1
"GGAUUUC",1.77,"hsa-miR-3167;hsa-miR-876-5p",72,101,0.063,0.381,1
"AAAGGCG",1.61,"hsa-miR-4484",44,59,0.088,0.385,1
"AAUCUCA",6.91,"hsa-miR-216a-5p",68,100,0.061,0.387,1
"CCAUUAC",3.53,"hsa-miR-885-5p",60,72,0.074,0.391,1
"GUUCCUC",1.56,"hsa-miR-4326",62,82,0.068,0.392,1
"GGAUAUG",2.82,"hsa-miR-3201;hsa-miR-4791",49,60,0.083,0.393,1
"CUGCGCU",2.74,"hsa-miR-191-3p",18,18,0.199,0.393,1
"CGGGUUA",6.29,"hsa-miR-125b-1-3p",8,10,0.303,0.402,1
"CCGGUUC",5.17,"hsa-miR-671-3p",11,11,0.28,0.402,1
"GGAGACG",2.89,"hsa-miR-139-3p",51,68,0.071,0.405,1
"GGAAUGU",2.33,"hsa-miR-1-3p;hsa-miR-206;hsa-miR-613",72,98,0.053,0.411,1
"UAGGACU",3.38,"hsa-miR-3117-3p",41,48,0.085,0.415,1
"GUGGAUG",2.51,"hsa-miR-3691-5p",50,68,0.064,0.419,1
"ACUGGCC",7.33,"hsa-miR-193a-3p;hsa-miR-193b-3p",51,68,0.06,0.43,1
"CAGUGCA",20.1,"hsa-miR-148a-3p;hsa-miR-148b-3p;hsa-miR-152-3p",68,91,0.048,0.43,1
"CCUUCAU",1.76,"hsa-miR-205-5p",75,107,0.042,0.433,1
"UCCCUUU",7.52,"hsa-miR-204-5p;hsa-miR-211-5p",86,134,0.035,0.436,1
"CUGCAUU",1.71,"hsa-miR-20a-3p",67,107,0.041,0.436,1
"GGCGGGG",1.95,"hsa-miR-1908-5p;hsa-miR-663a;hsa-miR-6787-5p",47,59,0.062,0.438,1
"ACAUUCA",34.6,"hsa-miR-181a-5p;hsa-miR-181b-5p;hsa-miR-181c-5p;hsa-miR-181d-5p;hsa-miR-4262",81,135,0.033,0.442,1
"CCCUGAG",19.6,"hsa-miR-125a-5p;hsa-miR-125b-5p;hsa-miR-4319",78,112,0.035,0.447,1
"CCUUGGC",4.7,"hsa-miR-212-5p",76,112,0.035,0.447,1
"UCAACGG",4.35,"hsa-miR-95-3p",10,12,0.205,0.454,1
"AUCCUUG",2.51,"hsa-miR-362-5p",53,74,0.041,0.463,1
"UACAGUU",2.23,"hsa-miR-582-5p",69,111,0.028,0.468,1
"GCAACGA",4.3,"hsa-miR-891a-5p",11,12,0.183,0.474,1
"GAGACUG",6.74,"hsa-miR-873-3p",70,101,0.026,0.482,1
"UCUCGAG",2.25,"hsa-miR-516a-5p",12,14,0.151,0.482,1
"AACGGCC",4.32,"hsa-miR-4485-3p",11,11,0.188,0.483,1
"GUAAACA",39.1,"hsa-miR-30a-5p;hsa-miR-30b-5p;hsa-miR-30c-5p;hsa-miR-30d-5p;hsa-miR-30e-5p",75,104,0.024,0.484,1
"CCCUAUC",3.46,"hsa-miR-454-5p",37,45,0.05,0.485,1
"ACCCGUA",20.8,"hsa-miR-100-5p;hsa-miR-99a-5p;hsa-miR-99b-5p",8,8,0.247,0.487,1
"UUGGCAC",8.67,"hsa-miR-1271-5p;hsa-miR-96-5p",65,95,0.023,0.491,1
"AACACCA",4.86,"hsa-miR-21-3p;hsa-miR-3591-3p",68,86,0.025,0.492,1
"GAGAACU",7.3,"hsa-miR-146a-5p;hsa-miR-146b-5p;hsa-miR-7153-5p",73,91,0.024,0.493,1
"GCUUCUU",2.74,"hsa-miR-103a-2-5p",81,112,0.02,0.493,1
"AUAGGGA",2.45,"hsa-miR-135a-3p",37,44,0.042,0.503,1
"GUGCAAA",10.4,"hsa-miR-19a-3p;hsa-miR-19b-3p",72,92,0.019,0.506,1
"UCACUGA",3.32,"hsa-miR-181b-2-3p;hsa-miR-181b-3p;hsa-miR-4420",85,123,0.011,0.513,1
"CUCUAGC",5.21,"hsa-miR-1251-5p",51,62,0.025,0.513,1
"GGAAGCC",2.72,"hsa-miR-671-5p",67,97,0.014,0.516,1
"AGUUCUG",3.63,"hsa-miR-148b-5p;hsa-miR-6874-3p",74,97,0.01,0.527,1
"AAAGAAU",8.02,"hsa-miR-186-5p",112,221,0,0.536,1
"AGGAGCU",11.4,"hsa-miR-28-5p;hsa-miR-3139;hsa-miR-708-5p",55,79,0.008,0.539,1
"UUGGGAG",2.45,"hsa-miR-887-5p",92,170,0,0.539,1
"AGCAUUC",3.14,"hsa-miR-1179",65,86,0.004,0.546,1
"CCACUGA",6.72,"hsa-miR-181a-2-3p",76,104,0.001,0.548,1
"CCGAACU",2.12,"hsa-miR-6716-3p",7,8,0.162,0.552,1
"UGAAAGG",4.23,"hsa-miR-488-3p",78,117,-0.003,0.558,1
"AGCUGCC",9.56,"hsa-miR-22-3p",60,83,-0.001,0.559,1
"UGCAUAG",5.76,"hsa-miR-153-3p",53,73,0,0.56,1
"GCGCCGG",3.67,"hsa-miR-3195",8,8,0.146,0.564,1
"GUAACAG",4,"hsa-miR-194-5p",67,88,-0.005,0.568,1
"CAAGAGC",6.03,"hsa-miR-335-5p",68,99,-0.006,0.569,1
"CUGGGAU",3.88,"hsa-miR-619-5p;hsa-miR-6506-5p",83,160,-0.009,0.573,1
"GCACGGC",2.65,"hsa-miR-3177-3p",16,20,0.033,0.574,1
"CUGGCCU",1.59,"hsa-miR-3176;hsa-miR-3922-3p",72,126,-0.01,0.575,1
"GGACGGA",2.89,"hsa-miR-184",16,18,0.036,0.579,1
"CUUUAAC",3.98,"hsa-miR-302b-5p;hsa-miR-302d-5p",94,138,-0.011,0.58,1
"GUGUUCA",3.48,"hsa-miR-124-5p",56,74,-0.009,0.582,1
"AUGCCUU",4.72,"hsa-miR-532-5p",47,70,-0.009,0.582,1
"UAUCAGA",7.06,"hsa-miR-361-5p",55,77,-0.01,0.583,1
"AACUAGA",5.99,"hsa-miR-708-3p",58,67,-0.009,0.584,1
"CUCUGGG",9.38,"hsa-miR-326;hsa-miR-330-5p",80,138,-0.014,0.589,1
"UGCUGAC",4.65,"hsa-miR-628-5p",69,85,-0.015,0.595,1
"UUUUCAU",3.85,"hsa-miR-335-3p",116,236,-0.015,0.597,1
"UAUUGUC",3.6,"hsa-miR-5701",64,81,-0.018,0.602,1
"GGCAGUG",7.16,"hsa-miR-34a-5p;hsa-miR-34c-5p;hsa-miR-449a;hsa-miR-449b-5p",69,98,-0.02,0.607,1
"UAGGGCC",4.96,"hsa-miR-1296-5p",35,38,-0.015,0.609,1
"UCUGGAA",1.85,"hsa-miR-1299",89,131,-0.022,0.613,1
"AGUUAUC",3.18,"hsa-miR-101-5p",53,62,-0.022,0.613,1
"CCGUCUC",6.3,"hsa-miR-340-3p;hsa-miR-6827-3p",30,48,-0.024,0.619,1
"CUUAAAC",5.76,"hsa-miR-302a-5p",91,142,-0.025,0.623,1
"UGGCCCU",5.54,"hsa-miR-328-3p",55,74,-0.028,0.625,1
"UGGAGAU",2.61,"hsa-miR-1270;hsa-miR-620",63,94,-0.028,0.626,1
"AUACAAG",3.81,"hsa-miR-300;hsa-miR-381-3p",83,129,-0.027,0.628,1
"UGACUGU",2.08,"hsa-miR-943",50,67,-0.031,0.63,1
"UUGGCAA",11.4,"hsa-miR-182-5p",71,102,-0.03,0.634,1
"AUGGAUU",8.04,"hsa-miR-1246",45,66,-0.033,0.636,1
"ACAUUAC",2.25,"hsa-miR-323a-3p",70,102,-0.032,0.638,1
"GCUCGGU",7.2,"hsa-miR-423-3p",13,14,-0.008,0.643,1
"AGAUAAA",3.36,"hsa-miR-577",78,122,-0.033,0.644,1
"CUGCAGU",3.6,"hsa-miR-17-3p",86,137,-0.034,0.65,1
"UUGUGAC",2.04,"hsa-miR-758-3p",62,81,-0.039,0.651,1
"GAAUUGU",2.99,"hsa-miR-219a-2-3p",46,63,-0.041,0.652,1
"CCCCCAG",4.49,"hsa-miR-361-3p",66,102,-0.038,0.654,1
"AGGGUUG",1.66,"hsa-miR-296-3p",43,59,-0.044,0.657,1
"CUAUUUC",2.51,"hsa-miR-138-2-3p",83,124,-0.039,0.661,1
"CCCUGUC",1.74,"hsa-miR-339-5p",68,98,-0.044,0.669,1
"GGCUCAC",4.34,"hsa-miR-4284",90,164,-0.038,0.67,1
"ACCCGGC",6.61,"hsa-miR-941",15,19,-0.05,0.673,1
"GCACCAU",6.72,"hsa-miR-767-5p",58,78,-0.05,0.675,1
"AUUCAUU",2.83,"hsa-miR-664a-3p",85,140,-0.046,0.687,1
"UGUGCGU",4.26,"hsa-miR-210-3p",11,14,-0.061,0.694,1
"GUGCCUG",2.37,"hsa-miR-1271-3p;hsa-miR-550a-3-5p;hsa-miR-550a-5p",63,98,-0.056,0.696,1
"UCCGGGA",4.38,"hsa-miR-4497",16,17,-0.071,0.698,1
"AUGUCUG",3.43,"hsa-miR-654-3p",59,78,-0.062,0.7,1
"CGUGUCU",3.17,"hsa-miR-187-3p",14,14,-0.069,0.701,1
"AACUGGU",4.09,"hsa-miR-582-3p",58,70,-0.067,0.708,1
"GAUAUGU",4.6,"hsa-miR-190a-5p;hsa-miR-190b",38,52,-0.074,0.71,1
"AGUGCAA",34.1,"hsa-miR-130a-3p;hsa-miR-130b-3p;hsa-miR-301a-3p;hsa-miR-301b-3p;hsa-miR-3666;hsa-miR-4295;hsa-miR-454-3p",57,79,-0.066,0.711,1
"AGUGCUG",2.06,"hsa-miR-512-3p",74,120,-0.058,0.712,1
"AUCGUAC",2.01,"hsa-miR-487b-3p",6,6,-0.035,0.718,1
"CUGGCUC",8.92,"hsa-miR-149-5p",68,113,-0.062,0.719,1
"UGCAGAC",2.05,"hsa-miR-1273h-3p",66,86,-0.07,0.722,1
"CUUCUGU",5.57,"hsa-miR-3182",76,119,-0.067,0.733,1
"CCAGAUA",2.92,"hsa-miR-488-5p",55,70,-0.081,0.735,1
"CCCGUCC",4.17,"hsa-miR-1247-5p",18,18,-0.11,0.737,1
"GCAGCAU",3.2,"hsa-miR-103a-3p;hsa-miR-107",68,99,-0.074,0.738,1
"AGCAGCA",17.1,"hsa-miR-15a-5p;hsa-miR-15b-5p;hsa-miR-16-5p;hsa-miR-195-5p;hsa-miR-424-5p;hsa-miR-497-5p;hsa-miR-6838-5p",81,120,-0.069,0.74,1
"CAGGCCA",1.92,"hsa-miR-1972",71,109,-0.073,0.743,1
"UGGGGGA",2.92,"hsa-miR-1275;hsa-miR-4665-5p",78,116,-0.074,0.749,1
"UUCCUCA",2.68,"hsa-miR-670-3p",94,140,-0.069,0.75,1
"AGGCUGA",5.04,"hsa-miR-3929;hsa-miR-4419b;hsa-miR-4478",92,167,-0.066,0.754,1
"CAGAUUC",3.04,"hsa-miR-10b-3p",65,90,-0.086,0.76,1
"GCUGGUG",8.42,"hsa-miR-138-5p",68,86,-0.089,0.762,1
"GGAGCCA",2.71,"hsa-miR-505-5p",52,81,-0.092,0.765,1
"AAAGUGC",21.1,"hsa-miR-106a-5p;hsa-miR-106b-5p;hsa-miR-17-5p;hsa-miR-20a-5p;hsa-miR-20b-5p;hsa-miR-519d-3p;hsa-miR-526b-3p;hsa-miR-93-5p",86,150,-0.073,0.766,1
"ACGUCAU",5.66,"hsa-miR-598-3p",10,10,-0.149,0.772,1
"AAACUGU",4.14,"hsa-miR-548g-3p",76,123,-0.082,0.772,1
"AGCCCCC",4.11,"hsa-miR-3943",49,62,-0.106,0.773,1
"GGGGUCG",5.65,"hsa-miR-7704",40,52,-0.12,0.784,1
"CUGCCCC",3.53,"hsa-miR-1913;hsa-miR-324-3p",91,150,-0.08,0.785,1
"AACAAAU",3.13,"hsa-miR-7-1-3p;hsa-miR-7-2-3p",107,205,-0.072,0.79,1
"UGGGAGA",3.05,"hsa-miR-30c-1-3p;hsa-miR-30c-2-3p;hsa-miR-6788-5p",95,176,-0.078,0.792,1
"CGCCCUU",3.61,"hsa-miR-1249-3p",11,11,-0.185,0.796,1
"AUUUGGU",2.41,"hsa-miR-5002-5p",69,97,-0.103,0.798,1
"CACCAGC",3.26,"hsa-miR-1226-3p",65,94,-0.106,0.802,1
"AAGUGCU",19.3,"hsa-miR-302a-3p;hsa-miR-302b-3p;hsa-miR-302c-3p.1;hsa-miR-302d-3p;hsa-miR-302e;hsa-miR-372-3p;hsa-miR-373-3p;hsa-miR-520a-3p;hsa-miR-520b;hsa-miR-520c-3p;hsa-miR-520d-3p;hsa-miR-520e",79,126,-0.094,0.803,1
"ACCAUCG",6.26,"hsa-miR-181c-3p",24,30,-0.163,0.808,1
"UCAACAG",7.69,"hsa-miR-421",78,114,-0.102,0.811,1
"UAUAAAG",8.29,"hsa-miR-340-5p",99,201,-0.081,0.812,1
"AAUCUCU",6.97,"hsa-miR-216b-5p",63,84,-0.117,0.813,1
"GCUACAU",13.6,"hsa-miR-221-3p;hsa-miR-222-3p",49,62,-0.133,0.816,1
"AAGUUGU",1.88,"hsa-miR-382-5p",49,63,-0.133,0.816,1
"UGCACCU",5.8,"hsa-miR-500a-3p",46,57,-0.139,0.818,1
"UCAUACA",2.53,"hsa-miR-485-3p;hsa-miR-539-3p",53,70,-0.132,0.824,1
"UGUUGCC",2.47,"hsa-miR-744-3p",59,77,-0.128,0.825,1
"GAGACCU",8.39,"hsa-miR-769-5p",51,74,-0.133,0.829,1
"AUGGCGC",4.69,"hsa-miR-652-3p",9,9,-0.255,0.838,1
"CGAGGAG",8.67,"hsa-miR-151a-5p;hsa-miR-151b",17,17,-0.228,0.838,1
"CAGGCUC",8.27,"hsa-miR-3155a;hsa-miR-3155b;hsa-miR-484",74,108,-0.12,0.84,1
"CUCUCGG",4.11,"hsa-miR-3615",16,17,-0.232,0.841,1
"CCCCUGG",6.2,"hsa-miR-331-3p",69,96,-0.127,0.842,1
"CUGGACU",6.79,"hsa-miR-378a-3p;hsa-miR-378b;hsa-miR-378c;hsa-miR-378d;hsa-miR-378e;hsa-miR-378f;hsa-miR-378h;hsa-miR-378i;hsa-miR-422a",48,67,-0.148,0.843,1
"AGUGGUU",3.17,"hsa-miR-140-5p",46,56,-0.164,0.85,1
"UUAUCAG",5.26,"hsa-miR-374a-3p",66,98,-0.132,0.851,1
"AAUGUUG",4.15,"hsa-miR-409-3p",62,92,-0.136,0.852,1
"GUCCCGG",1.55,"hsa-miR-4449",14,15,-0.263,0.857,1
"GGCUCUG",3.96,"hsa-miR-760",73,110,-0.131,0.861,1
"ACCCAUU",3.86,"hsa-miR-660-5p",43,49,-0.185,0.864,1
"CCUGGCA",5.41,"hsa-miR-221-5p;hsa-miR-8073",78,126,-0.129,0.869,1
"UUAACAU",2.07,"hsa-miR-302c-5p",87,146,-0.123,0.873,1
"GAGGCUC",3.79,"hsa-miR-2467-5p",67,89,-0.154,0.876,1
"UGUGUCA",5.07,"hsa-miR-592",48,59,-0.183,0.876,1
"CCAUCGA",7.36,"hsa-miR-181a-3p",7,8,-0.337,0.876,1
"CUCGGCG",5.68,"hsa-miR-1307-3p",26,28,-0.246,0.88,1
"AGGCAGG",2.34,"hsa-miR-6808-5p;hsa-miR-6893-5p;hsa-miR-940",97,181,-0.118,0.885,1
"GGCUCAG",2.68,"hsa-miR-24-3p",91,163,-0.124,0.886,1
"AAAGUAC",3.08,"hsa-miR-548av-5p;hsa-miR-548k;hsa-miR-8054",74,109,-0.152,0.891,1
"GGCGGAG",1.83,"hsa-miR-25-5p",25,31,-0.252,0.892,1
"CCGUGGC",3.24,"hsa-miR-132-5p",17,19,-0.306,0.896,1
"GGUCGAC",1.63,"hsa-miR-412-5p",3,3,-0.421,0.9,1
"ACCUUGC",4.89,"hsa-miR-3200-3p",36,41,-0.238,0.901,1
"AGCUUAU",7.76,"hsa-miR-21-5p;hsa-miR-590-5p",41,48,-0.232,0.908,1
"UUAGCAG",3.14,"hsa-miR-374b-3p",56,74,-0.194,0.908,1
"GGUUGGG",1.87,"hsa-miR-92a-1-5p",50,61,-0.211,0.908,1
"GGCCCCA",3.51,"hsa-miR-874-5p",64,92,-0.181,0.912,1
"GAGGAUG",3.14,"hsa-miR-3605-5p",54,73,-0.201,0.914,1
"GAUCCGA",5.7,"hsa-miR-4454",12,14,-0.38,0.918,1
"UAAUAUC",2.94,"hsa-miR-889-3p",77,112,-0.174,0.921,1
"UUCCGGC",5.74,"hsa-miR-1180-3p",8,9,-0.448,0.924,1
"GGAGAAG",4.02,"hsa-miR-4434;hsa-miR-4516;hsa-miR-5703",89,134,-0.163,0.924,1
"GGGGUGC",4.63,"hsa-miR-342-5p;hsa-miR-4664-5p",54,85,-0.2,0.925,1
"UGAACGG",3.93,"hsa-miR-887-3p",8,8,-0.472,0.927,1
"AAUACUG",2.4,"hsa-miR-200b-3p;hsa-miR-200c-3p;hsa-miR-429",68,104,-0.186,0.928,1
"UGAAUAG",4.19,"hsa-miR-5585-3p",53,77,-0.213,0.929,1
"UAAAGCU",1.51,"hsa-miR-9-3p",60,91,-0.199,0.93,1
"GAGUGUG",2.39,"hsa-miR-574-5p",48,56,-0.245,0.93,1
"CUGGGCA",2.8,"hsa-miR-1285-3p;hsa-miR-3187-5p;hsa-miR-5189-5p;hsa-miR-612;hsa-miR-6860",80,152,-0.16,0.931,1
"CGACCCA",4.49,"hsa-miR-551a;hsa-miR-551b-3p",5,5,-0.533,0.931,1
"UGGUUCC",4.41,"hsa-miR-218-1-3p",48,56,-0.251,0.934,1
"CAAUAUU",1.53,"hsa-miR-16-2-3p;hsa-miR-195-3p",67,100,-0.198,0.936,1
"CAGCAAA",2.2,"hsa-miR-545-3p",81,124,-0.181,0.937,1
"UGACCUA",10.8,"hsa-miR-192-5p;hsa-miR-215-5p",38,45,-0.282,0.939,1
"AAUUUUA",1.82,"hsa-miR-590-3p",116,323,-0.122,0.944,1
"UGAGGAC",5.23,"hsa-miR-1224-5p",55,74,-0.236,0.944,1
"GCUCCUU",5.92,"hsa-miR-4448",61,77,-0.236,0.947,1
"UGCAUUG",7.6,"hsa-miR-33a-5p;hsa-miR-33b-5p",61,79,-0.235,0.948,1
"CACAAGU",5.74,"hsa-miR-125b-2-3p",63,76,-0.24,0.949,1
"CUGCUGA",4.38,"hsa-miR-93-3p",77,105,-0.216,0.954,1
"AUGUGCC",2.65,"hsa-miR-455-5p",44,53,-0.291,0.955,1
"UCAGGGC",2.5,"hsa-miR-3127-5p",62,81,-0.247,0.957,1
"ACAGAUG",5.45,"hsa-miR-5683",78,107,-0.226,0.962,1
"UUUUACC",2.18,"hsa-miR-2681-5p",77,108,-0.227,0.963,1
"AUUAUUA",5.2,"hsa-miR-126-5p",80,137,-0.209,0.966,1
"GAGCUUA",4,"hsa-miR-27b-5p",39,47,-0.347,0.971,1
"UAGAGGA",4.86,"hsa-miR-877-5p",42,50,-0.342,0.973,1
"ACAAUAU",3.55,"hsa-miR-338-5p",71,106,-0.251,0.975,1
"UGCAGCU",4.15,"hsa-miR-1301-3p;hsa-miR-5047",57,72,-0.303,0.976,1
"UGUGCUU",8.37,"hsa-miR-218-5p",56,74,-0.301,0.977,1
"GGGCCCC",1.58,"hsa-miR-296-5p",50,72,-0.344,0.988,1
"UGAAUUA",3.54,"hsa-miR-183-3p",65,97,-0.302,0.988,1
"CCGCCUG",2.32,"hsa-miR-4485-5p",25,29,-0.527,0.99,1
"AGGGCGG",1.79,"hsa-miR-3141",12,13,-0.748,0.993,1
"CUGUGAG",3.61,"hsa-miR-4677-3p",67,85,-0.359,0.994,1
"GGGGGCG",2.65,"hsa-miR-1237-5p;hsa-miR-4488;hsa-miR-4697-5p",44,63,-0.432,0.996,1
"AGGCAGU",6.09,"hsa-miR-2682-5p;hsa-miR-34b-5p;hsa-miR-449c-5p",53,67,-0.435,0.997,1
"GGGGCCG",5.17,"hsa-miR-128-1-5p;hsa-miR-128-2-5p",46,58,-0.471,0.997,1
"UAGGUAU",3.4,"hsa-miR-331-5p",28,37,-0.621,0.999,1
"CGACCGG",4.74,"hsa-miR-1307-5p",0,0,-1.16,1,1
